,Created_at,Text,Clean Text,Screen_Name,Lang,Favourite_count,Retweet_count,Fecha creacion,Followers,Verificado,Cantidad Fav,Pa√≠s,Coordenadas,ID
0,2022-03-29 23:50:42+00:00,"RT @PanamaSuiza: Ning√∫n transportista puede soportar una huelga indefinida.
El principal enemigo en el Transporte es ese Transportista pira‚Ä¶", ning n transportista puede soportar una huelga indefinida  el principal enemigo en el transporte es ese transportista pira ,cheloserradilla,es,0,41,2012-01-21 00:22:02+00:00,1536,False,348868,navarrete,,1508954834258604032
2,2022-03-29 23:44:14+00:00,"RT @ConguitoF1: Llevaba sin escuchar la palabra COVID en la televisi√≥n un par de semanas, casualmente se acerca la Semana Santa y pierde fu‚Ä¶", llevaba sin escuchar la palabra covid en la televisi n un par de semanas  casualmente se acerca la semana santa y pierde fu ,Aiben251,es,0,20,2021-09-10 12:23:12+00:00,51,False,37159,Espa√±a,,1508953210312134657
4,2022-03-29 23:40:49+00:00,"Huelga de transporte, √∫ltima hora | La rebaja en el combustible se aplicar√° desde el viernes al repostar y se sumar√° a los descuentos de las petroleras https://t.co/hKda0tJBFy",huelga de transporte   ltima hora   la rebaja en el combustible se aplicar  desde el viernes al repostar y se sumar  a los descuentos de las petroleras  ,fe_quintanilla,es,0,0,2011-03-26 17:03:38+00:00,793,False,7576, Madrid Espa√±a,,1508952346935635980
5,2022-03-29 23:39:12+00:00,"RT @quemaruedas: @LRsecreta 16 d√≠as llevamos de huelga en el transporte, y nadie , repito, nadie, se no ha unido.
Todo el mundo se queja, p‚Ä¶",   16 d as llevamos de huelga en el transporte  y nadie   repito  nadie  se no ha unido  todo el mundo se queja  p ,curicornio70,es,0,54,2011-10-21 17:24:19+00:00,207,False,28792,,,1508951943368122372
6,2022-03-29 23:37:39+00:00,"RT @RealSeasonNT1: Pandemia,Guerra, subida del acero, ahora la huelga de transporte, subidas de luz y gasoil...y sigue llevando buen ritmo‚Ä¶", pandemia guerra  subida del acero  ahora la huelga de transporte  subidas de luz y gasoil   y sigue llevando buen ritmo ,Tiburon1Blanco3,es,0,8,2016-01-03 06:03:20+00:00,420,False,40132,"South Gate, CA",,1508951551452200961
8,2022-03-29 23:32:33+00:00,RT @teleSURtv: La huelga del sector transportista en #Espa√±aüá™üá∏ convocada por la Plataforma Nacional en Defensa del Transporte por Carretera‚Ä¶, la huelga del sector transportista en  espa a   convocada por la plataforma nacional en defensa del transporte por carretera ,yanceg27,es,0,11,2013-06-25 19:31:03+00:00,277,False,41,"Maracay, Venezuela",,1508950267911454727
11,2022-03-29 23:28:38+00:00,"Pandemia,Guerra, subida del acero, ahora la huelga de transporte, subidas de luz y gasoil...y sigue llevando buen ritmo

Por qu√©? Pq es un proyecto muy bien estructurado a todos los niveles desde hace casi 10 a√±os

Por eso siempre os digo que Tito proyecta por d√©cadas todo https://t.co/mhMSatNUEc",pandemia guerra  subida del acero  ahora la huelga de transporte  subidas de luz y gasoil   y sigue llevando buen ritmo  por qu   pq es un proyecto muy bien estructurado a todos los niveles desde hace casi 10 a os  por eso siempre os digo que tito proyecta por d cadas todo  ,RealSeasonNT1,es,101,8,2021-07-12 20:00:33+00:00,37831,False,5123,Depende del momento,,1508949282342252547
12,2022-03-29 23:23:41+00:00,RT @cla260526: Quer√≠a decirle al propietario de @Mercadona que deseo disfrute de la usura que ha ejercido durante los d√≠as de huelga del tr‚Ä¶, quer a decirle al propietario de   que deseo disfrute de la usura que ha ejercido durante los d as de huelga del tr ,LobEsteparia,es,0,2,2017-06-30 20:08:04+00:00,138,False,6673,M√°laga ‚ôªÔ∏è Madrid ,,1508948037980336133
14,2022-03-29 23:21:42+00:00,RT @amade_mad: Pilar Ramos ha intervenido en @EspejoPublico para explicar c√≥mo est√° afectando la huelga del transporte: ‚ÄúLas #Residencias s‚Ä¶, pilar ramos ha intervenido en   para explicar c mo est  afectando la huelga del transporte   las  residencias s ,Cristin77460827,es,0,3,2019-04-05 18:42:04+00:00,40,False,1338,"Madrid, Comunidad de Madrid",,1508947538694529035
15,2022-03-29 23:01:23+00:00,"RT @egtegain: La Ministra de Transporte y S√°nchez no quieren un acuerdo Global con los Transportistas en Huelga, pero El @PSOE registra en‚Ä¶", la ministra de transporte y s nchez no quieren un acuerdo global con los transportistas en huelga  pero el   registra en ,jota_jota_74,es,0,43,2010-01-02 02:27:08+00:00,183,False,27707,,,1508942425284304901
17,2022-03-29 23:00:01+00:00,El Gaitero deja de producir sidra y da vacaciones al personal por la huelga del transporte https://t.co/Nt9ONJI47A,el gaitero deja de producir sidra y da vacaciones al personal por la huelga del transporte  ,epmediterraneo,es,1,0,2010-12-26 18:44:14+00:00,25669,True,2405,"Castell√≥n, Espa√±a",,1508942081330499585
20,2022-03-29 22:52:13+00:00,"RT @europapress: El presidente de la Plataforma para la Defensa del Sector del Transporte de Mercanc√≠as por Carretera, Manuel Hern√°ndez, di‚Ä¶", el presidente de la plataforma para la defensa del sector del transporte de mercanc as por carretera  manuel hern ndez  di ,jesus73066278,es,0,19,2022-02-08 10:15:58+00:00,156,False,912,,,1508940115938267145
22,2022-03-29 22:48:51+00:00,"RT @Soledad_almeria: Asimismo, informamos que el bolet√≠n fue impreso la semana pasada pero la entrega en la Hermandad, se est√° viendo afect‚Ä¶", asimismo  informamos que el bolet n fue impreso la semana pasada pero la entrega en la hermandad  se est  viendo afect ,SemanadePasion5,es,0,7,2020-08-19 23:28:19+00:00,218,False,2938,"Almer√≠a, Espa√±a",,1508939270140092417
23,2022-03-29 22:48:42+00:00,"RT @dbollero: La Plataforma contin√∫a los paros ignorando el acuerdo alcanzado con los representantes leg√≠timos de los transportistas y, sin‚Ä¶", la plataforma contin a los paros ignorando el acuerdo alcanzado con los representantes leg timos de los transportistas y  sin ,Lastk,es,0,3,2008-04-29 07:49:23+00:00,299,False,68117,M√°laga,,1508939231313506313
26,2022-03-29 22:46:11+00:00,RT @VenniGil: @IaPipiIoIa @TIAagentesecret Cortina de humo para intentar tapar las üí©üí© de medidas del gobierno para parar la huelga del tran‚Ä¶,     cortina de humo para intentar tapar las    de medidas del gobierno para parar la huelga del tran ,JJGrijander,es,0,7,2012-12-12 21:42:20+00:00,3863,False,129886,,,1508938600959905794
27,2022-03-29 22:42:41+00:00,"Quer√≠a decirle al propietario de @Mercadona que deseo disfrute de la usura que ha ejercido durante los d√≠as de huelga del transporte. 
No ten√≠a problemas de abastecimiento y a√∫n as√≠ ha decidido que era un buen momento para apretar m√°s a la pobre gente. 
#MercadonateRoba",quer a decirle al propietario de   que deseo disfrute de la usura que ha ejercido durante los d as de huelga del transporte   no ten a problemas de abastecimiento y a n as  ha decidido que era un buen momento para apretar m s a la pobre gente    mercadonateroba,cla260526,es,9,2,2017-08-12 17:13:01+00:00,1522,False,62152,Aquizist√°n / Aquinozist√°n,,1508937719061356548
29,2022-03-29 22:36:50+00:00,"RT @okdiario: #√öLTIMAHORA üö® üö®

Las gasolineras mandan un mensaje tras el anuncio de la rebaja de la gasolina y el di√©sel para todos los con‚Ä¶",   ltimahora      las gasolineras mandan un mensaje tras el anuncio de la rebaja de la gasolina y el di sel para todos los con ,PatryzzyaR,es,0,8,2019-10-08 22:37:54+00:00,0,False,3,,,1508936245908488199
32,2022-03-29 22:27:01+00:00,RT @UsuariesDelTren: Le llaman huelga del transporte y se refiere √∫nicamente al transporte por carretera üöö. El transporte ferroviarioüöÜ NO h‚Ä¶, le llaman huelga del transporte y se refiere  nicamente al transporte por carretera    el transporte ferroviario  no h ,RTVP_POBLE,es,0,2,2016-04-16 19:08:53+00:00,3095,False,23486,"Valencia, Espa√±a",,1508933774184259586
33,2022-03-29 22:24:56+00:00,Que pasa cn la huelga de transporte? Ya llegaron a alg√∫n acuerdo o algo? Xq no volv√≠ a escuchar nada de ellos,que pasa cn la huelga de transporte  ya llegaron a alg n acuerdo o algo  xq no volv  a escuchar nada de ellos,injusticia2030,es,0,0,2014-12-31 11:41:17+00:00,196,False,9985,,,1508933253545316355
34,2022-03-29 22:19:16+00:00,@NAsturiana @ENGINEER__28 O de esas de bolitas de an√≠s de colorines. Para los manifestantes de la huelga del transporte tienen mejor punter√≠a,     28 o de esas de bolitas de an s de colorines  para los manifestantes de la huelga del transporte tienen mejor punter a,Jason_V13_,es,1,0,2011-07-21 19:22:12+00:00,1274,False,110411,El mejor lugar del mundo,,1508931827070910466
39,2022-03-29 22:10:30+00:00,"@hectorfabrizio1 @jlespert Aqu√≠ los sindicalistas est√°n limitando la posibilidad de libre transito de los ciudadanos, al no poder usar los medios de transporte que necesitan, por ejemplo para ir a trabajar, estudiar, etc... El derecho a huelga esta, y nadie lo niega, pero no debe atropellar otros derechos.",    aqu  los sindicalistas est n limitando la posibilidad de libre transito de los ciudadanos  al no poder usar los medios de transporte que necesitan  por ejemplo para ir a trabajar  estudiar  etc    el derecho a huelga esta  y nadie lo niega  pero no debe atropellar otros derechos ,LibertarioUn,es,5,0,2018-12-20 00:40:32+00:00,606,False,20981,"Lomas de Zamora, Argentina",,1508929617435975686
41,2022-03-29 22:04:47+00:00,"@lauritalonso La huelga de transporte p√∫blico es un acto muy ego√≠sta. Los huelguistas se cagan en el pueblo a costa del pueblo, pero as√≠ como se ejerci√≥ est√° avalado por la CN y la ley. No confundas.",  la huelga de transporte p blico es un acto muy ego sta  los huelguistas se cagan en el pueblo a costa del pueblo  pero as  como se ejerci  est  avalado por la cn y la ley  no confundas ,andreslelio1,es,0,0,2021-07-06 12:39:31+00:00,14,False,185,,,1508928180501061634
45,2022-03-29 21:53:37+00:00,"Estos son los productos b√°sicos que se han encarecido por la guerra en Ucrania y la huelga de transporte 
https://t.co/CYvYsFNB7M",estos son los productos b sicos que se han encarecido por la guerra en ucrania y la huelga de transporte   ,AYREVenezuela1,es,0,0,2020-02-26 22:11:01+00:00,238,False,454,"Madrid, Espa√±a",,1508925372393529347
46,2022-03-29 21:53:03+00:00,Alguien ha comprado en Aliexpress desde la huelga de transporte???,alguien ha comprado en aliexpress desde la huelga de transporte   ,xavi_corde,es,0,0,2013-06-15 19:34:15+00:00,514,False,21848,Vigo- Paris - Madrid,,1508925228742815748
49,2022-03-29 21:49:04+00:00,"RT @fraguas04: Segundo video. 
La huelga de transporte a 15 d√≠as. RESISTENCIA 
@JDemocraticaES 
@FLicoretas 
@Ryuk_Shngm 
#ParoTransportist‚Ä¶", segundo video   la huelga de transporte a 15 d as  resistencia          shngm   parotransportist ,politicamabc,es,0,18,2020-11-08 03:12:12+00:00,1391,False,4266,Ourense. Galicia. Espa√±a.,,1508924226018893828
50,2022-03-29 21:48:37+00:00,"Le llaman huelga del transporte y se refiere √∫nicamente al transporte por carretera üöö. El transporte ferroviarioüöÜ NO hace huelga.
- Ah!! ¬øque el üöÜsolo transporta el 3% del total de las mercanc√≠as?
Entonces s√≠ es huelga de transporte.",le llaman huelga del transporte y se refiere  nicamente al transporte por carretera    el transporte ferroviario  no hace huelga    ah    que el  solo transporta el 3  del total de las mercanc as  entonces s  es huelga de transporte ,UsuariesDelTren,es,3,2,2018-04-11 17:36:46+00:00,1090,False,6165,"Valencia, Espa√±a",,1508924111661248513
51,2022-03-29 21:42:05+00:00,"RT @mavazquezb: Vaya semanita de manipulaci√≥n en @canalsur TV.

#TeleMoreno se ha erigido en el principal piquete informativo de los convoc‚Ä¶", vaya semanita de manipulaci n en   tv    telemoreno se ha erigido en el principal piquete informativo de los convoc ,sombradenada,es,0,32,2013-12-08 12:13:32+00:00,970,False,84215, De MADRID,,1508922469750562817
55,2022-03-29 21:39:54+00:00,"RT @MarcosdeQuinto: La ministra de transporte se permite hacer alarde de chuler√≠a y no recibir a quienes convocaron la huelga, porque a ell‚Ä¶", la ministra de transporte se permite hacer alarde de chuler a y no recibir a quienes convocaron la huelga  porque a ell ,AuroraP96529137,es,0,1056,2020-04-10 09:42:33+00:00,13,False,12699,,,1508921919449538561
59,2022-03-29 21:33:47+00:00,@eldebate_com @anai_martin Los sindicatos acusan a Trabajo de acaparar g√©nero en plena huelga del transporte.,  com   martin los sindicatos acusan a trabajo de acaparar g nero en plena huelga del transporte ,Kardanez,es,0,0,2011-10-04 22:58:54+00:00,34,False,4376,,,1508920379074662404
60,2022-03-29 21:33:10+00:00,RT @franciscojrb57: @Trab_Zumosol El apag√≥n de los medios de comunicaci√≥n a los trabajadores de Zumosol...contrasta con la cobertura a la H‚Ä¶,   zumosol el apag n de los medios de comunicaci n a los trabajadores de zumosol   contrasta con la cobertura a la h ,MAGCH20,es,0,39,2021-03-08 16:48:06+00:00,179,False,13955,,,1508920223285620738
61,2022-03-29 21:31:57+00:00,"Jos√© Antonio Moliner, presidente de Tradime: ""Los grandes del transporte se han hecho de oro asfixiando a los peque√±os"" #parodetransportistas #huelga #gasolina https://t.co/fCBS2dQaC2 v√≠a @periodicoaragon",jos  antonio moliner  presidente de tradime   los grandes del transporte se han hecho de oro asfixiando a los peque os   parodetransportistas  huelga  gasolina   v a  ,barcelo74,es,0,0,2011-02-26 17:02:31+00:00,738,False,289,Zaragoza,,1508919916640059398
63,2022-03-29 21:27:11+00:00,"""Huelga del transporte Murcia: La Delegaci√≥n impide una manifestaci√≥n de los transportistas que pretend√≠a cortar la A-7 en Murcia"" https://t.co/DCh5fV9jVA", huelga del transporte murcia  la delegaci n impide una manifestaci n de los transportistas que pretend a cortar la a 7 en murcia   ,isl4,es,0,0,2010-04-21 15:11:32+00:00,807,False,177568,,,1508918716414763011
64,2022-03-29 21:27:02+00:00,"@GuidoBellidoU Tienen una nueva oportunidad. Espero que Castillo gobierne de verdad y deje sus discursos de candidato y entienda que es presidente y como tal est√° obligado a resolver los problemas existentes. Huelga de transporte, suba de alimentos y combustibles, generaci√≥n de empleo.",  tienen una nueva oportunidad  espero que castillo gobierne de verdad y deje sus discursos de candidato y entienda que es presidente y como tal est  obligado a resolver los problemas existentes  huelga de transporte  suba de alimentos y combustibles  generaci n de empleo ,Seg185,es,0,0,2020-08-05 20:28:30+00:00,0,False,16,,,1508918680540917764
66,2022-03-29 21:22:51+00:00,@ikigai_trash si no hubiese huelga de transporte te mandaba en el mismo envase,  trash si no hubiese huelga de transporte te mandaba en el mismo envase,largablanca,es,2,0,2016-11-13 14:14:25+00:00,165,False,41953,c√≥rdoba/gran√°,,1508917628231987210
67,2022-03-29 21:17:58+00:00,"Vaya fracaso..... 
Huelga de transporte, √∫ltima hora | La rebaja en el combustible se aplicar√° desde el viernes al repostar y se sumar√° a los descuentos de las petroleras
#huelga #Combustibles #fracaso #timo  https://t.co/yvOSeuoRQs",vaya fracaso       huelga de transporte   ltima hora   la rebaja en el combustible se aplicar  desde el viernes al repostar y se sumar  a los descuentos de las petroleras  huelga  combustibles  fracaso  timo   ,infoMaresme,es,0,0,2013-04-01 10:53:03+00:00,368,False,1932,Maresme,,1508916399246348302
71,2022-03-29 21:07:53+00:00,@Hanzhong16 Dentro de poco va a ser como si hubiera huelga de transporte pero porque no va a haber de na,  dentro de poco va a ser como si hubiera huelga de transporte pero porque no va a haber de na,Darmel87670286,es,0,0,2020-11-26 21:44:45+00:00,5,False,278,,,1508913859893022724
78,2022-03-29 20:51:32+00:00,RT @RadioAlbacete: SUCESOS | Tanto las amenazas como los da√±os no guardan relaci√≥n directa con los paros del transporte de mercanc√≠as por c‚Ä¶, sucesos   tanto las amenazas como los da os no guardan relaci n directa con los paros del transporte de mercanc as por c ,jesus92_ab,es,0,5,2010-05-10 14:56:32+00:00,389,False,7925,,,1508909746182569986
80,2022-03-29 20:47:46+00:00,RT @plabrado: @el_vigia_ @Percebe87 @RCDeportivo @RCCelta @Bravo199285 @manerasdevivir3 @Vigilant221 @vigilantes_esp @VPrisiones @VVSUnidos‚Ä¶,   vigia                esp     ,noe__info,es,0,3,2015-11-10 23:26:09+00:00,3097,False,0,Espa√±a - Spain,,1508908799691735044
81,2022-03-29 20:47:45+00:00,RT @el_vigia_: @plabrado @Percebe87 @RCDeportivo @RCCelta @Bravo199285 @manerasdevivir3 @Vigilant221 @vigilantes_esp @VPrisiones @VVSUnidos‚Ä¶,                 esp     ,noe__info,es,0,3,2015-11-10 23:26:09+00:00,3097,False,0,Espa√±a - Spain,,1508908794213982208
84,2022-03-29 20:43:30+00:00,"@Jeroma76479038 @VOX_Congreso @vox_es @MeerRocio @_mireiaborras Lo que piden ya se aprobo en el decreto ley del 1 de marzo.

El presidente de la plataforma de transporte que ira a la huelga y su mano derecha no tienen camiones. Estos si que van a arruinar los que le siguen.

https://t.co/BS9MpfXbaa",    congreso   es     mireiaborras lo que piden ya se aprobo en el decreto ley del 1 de marzo   el presidente de la plataforma de transporte que ira a la huelga y su mano derecha no tienen camiones  estos si que van a arruinar los que le siguen    ,BanderaPais,es,0,0,2020-06-03 19:30:18+00:00,12,False,1260,,,1508907725480153093
85,2022-03-29 20:43:13+00:00,"@naranjojojojojo Por la huelga de transporte, no?",  por la huelga de transporte  no ,Eldescansodeles,es,0,0,2013-02-21 17:01:11+00:00,2127,False,37852,"Flateyri (Westfjords,Islandia)",,1508907654810419202
86,2022-03-29 20:42:51+00:00,@IaPipiIoIa @TIAagentesecret Cortina de humo para intentar tapar las üí©üí© de medidas del gobierno para parar la huelga del transporte. Y tocaba el comod√≠n de Vox https://t.co/KyEutVKi6H,    cortina de humo para intentar tapar las    de medidas del gobierno para parar la huelga del transporte  y tocaba el comod n de vox  ,VenniGil,es,15,7,2015-03-02 15:21:06+00:00,8619,False,7571,Espa√±a_AB,,1508907561659113476
89,2022-03-29 20:36:22+00:00,RT @UGT_Andalucia: Empleo espera m√°s de 400 ERTE la semana que viene por la huelga del transporte https://t.co/Kxz2JZVXBH a trav√©s de @elEc‚Ä¶, empleo espera m s de 400 erte la semana que viene por la huelga del transporte   a trav s de   ,martince007,es,0,2,2015-03-18 18:07:50+00:00,1113,False,13705,Barcelona,,1508905928321650694
91,2022-03-29 20:34:33+00:00,"RT @ConguitoF1: @La_SER Vaya, ya os hab√©is cansado de Ucrania y huelga del transporte, llega Semana Santa y toca empezar a meter miedo con‚Ä¶",   ser vaya  ya os hab is cansado de ucrania y huelga del transporte  llega semana santa y toca empezar a meter miedo con ,beaaaamm_,es,0,3,2017-08-14 14:41:09+00:00,141,False,34737,"Madrid, Comunidad de Madrid",,1508905472505622541
96,2022-03-29 20:28:50+00:00,"@Tonicanto1 Co√±o Toni, lo suspende por no cumplir los plazos!
Con la huelga de transporte los langostinos ya ol√≠an a amoniaco.
Los quer√≠an para hacer cosas chulisimas y no han llegado para la fiesta de los 20 c√©ntimos.",  co o toni  lo suspende por no cumplir los plazos  con la huelga de transporte los langostinos ya ol an a amoniaco  los quer an para hacer cosas chulisimas y no han llegado para la fiesta de los 20 c ntimos ,CHIPIRETA1,es,0,0,2018-07-23 11:42:28+00:00,14,False,160,,,1508904033762824199
107,2022-03-29 20:12:51+00:00,"Me meo üòÇüòÇüòÇ en Espa√±a hay huelga de transporte as√≠ que no puede entrar la mercanc√≠a, os lo qued√°is all√≠ https://t.co/arXvLiCfKZ",me meo     en espa a hay huelga de transporte as  que no puede entrar la mercanc a  os lo qued is all   ,SanBitchess,es,2,0,2015-01-28 20:02:46+00:00,2912,False,81403,Espa√±a,,1508900012339740675
108,2022-03-29 20:12:00+00:00,Empleo espera m√°s de 400 ERTE la semana que viene por la huelga del transporte https://t.co/Kxz2JZVXBH a trav√©s de @elEconomistaes,empleo espera m s de 400 erte la semana que viene por la huelga del transporte   a trav s de  ,UGT_Andalucia,es,2,2,2009-04-15 15:53:14+00:00,16341,True,14838,Andalucia,,1508899796932833281
111,2022-03-29 20:09:00+00:00,"La huelga del sector transportista en #Espa√±aüá™üá∏ convocada por la Plataforma Nacional en Defensa del Transporte por Carretera contin√∫a luego de que rechazaran las nuevas medidas del gobierno

https://t.co/hkR5kCgTBA",la huelga del sector transportista en  espa a   convocada por la plataforma nacional en defensa del transporte por carretera contin a luego de que rechazaran las nuevas medidas del gobierno   ,teleSURtv,es,14,11,2009-06-05 22:21:49+00:00,2034265,True,1193,Caracas,,1508899041794420738
112,2022-03-29 20:08:37+00:00,RT @publico_es: El conflicto de los transportistas entra en su recta final https://t.co/rBWT7JKDt7, el conflicto de los transportistas entra en su recta final  ,SpainLookMe,es,0,1,2022-02-08 09:59:14+00:00,31,False,43654,Madrid,,1508898947468775433
113,2022-03-29 20:08:37+00:00,"#HuelgaTransporte Los transportistas van retomando la actividad y la Plataforma insta a ""aguantar"" https://t.co/Jwo4P8xbVz a trav√©s de @24clm", huelgatransporte los transportistas van retomando la actividad y la plataforma insta a  aguantar    a trav s de  ,24clm,es,0,0,2012-09-12 15:42:26+00:00,32890,False,1293,"Toledo, Espa√±a",,1508898947426930689
115,2022-03-29 20:05:38+00:00,"@IdiazAyuso @ComunidadMadrid @JanezLenarcic @GabrielMariya Colegios que llevan un retraso de 2 a√±os y ahora se justifica que por la huelga de transporte, hospitales con lista de espera de un a√±o y centros de salud Sin urgencias desde hace m√°s de 2 a√±os, techos del metro que se caen por falta de mantenimiento. Van a flipar. https://t.co/LA1YLyAwoc",        colegios que llevan un retraso de 2 a os y ahora se justifica que por la huelga de transporte  hospitales con lista de espera de un a o y centros de salud sin urgencias desde hace m s de 2 a os  techos del metro que se caen por falta de mantenimiento  van a flipar   ,SedenoRafa,es,1,0,2019-02-03 18:14:06+00:00,1,False,192,"Getafe, Espa√±a",,1508898194608078859
121,2022-03-29 19:58:41+00:00,El conflicto de los transportistas entra en su recta final https://t.co/rBWT7JKDt7,el conflicto de los transportistas entra en su recta final  ,publico_es,es,6,1,2008-11-27 12:25:43+00:00,1119812,True,676,"Madrid, Spain",,1508896446791176200
124,2022-03-29 19:55:45+00:00,"@LRsecreta 16 d√≠as llevamos de huelga en el transporte, y nadie , repito, nadie, se no ha unido.
Todo el mundo se queja, pero que nos partan la cara a los que estamos reclamando y sacamos algo para todos.
Yo me arruinar√© pero con la conciencia tranquila
Estais a tiempo de sumar y no llorar",  16 d as llevamos de huelga en el transporte  y nadie   repito  nadie  se no ha unido  todo el mundo se queja  pero que nos partan la cara a los que estamos reclamando y sacamos algo para todos  yo me arruinar  pero con la conciencia tranquila estais a tiempo de sumar y no llorar,quemaruedas,es,196,54,2017-06-02 07:21:06+00:00,1289,False,95258,"Madrid, Comunidad de Madrid",,1508895707171897349
126,2022-03-29 19:52:46+00:00,"La empresa retomar√° la actividad en sus plantas guipuzcoanas de #Beasain e #Irun
#CAF
https://t.co/fABN9tnhop",la empresa retomar  la actividad en sus plantas guipuzcoanas de  beasain e  irun  caf  ,donosti_tik,es,0,0,2016-09-10 15:09:05+00:00,3469,False,548,Donostia / San Sebasti√°n,,1508894957305745412
128,2022-03-29 19:49:59+00:00,"Sidra El Gaitero, paraliza su producci√≥n por la huelga del transporte.

üëâAsturias sin sidra.üëà
Ahora si que estamos a d√≠as, de que comience la Tercera Guerra Mundial.
Y empezar√° en Asturias...

Avisados est√°is. https://t.co/g7nTwAPZk5",sidra el gaitero  paraliza su producci n por la huelga del transporte    asturias sin sidra   ahora si que estamos a d as  de que comience la tercera guerra mundial  y empezar  en asturias     avisados est is   ,ConanElBruto,es,1,0,2021-12-04 16:59:52+00:00,136,False,29619,"Asturias, tierra de valientes.",,1508894255615549445
129,2022-03-29 19:48:31+00:00,RT @jotuit2: 1/12. ¬øQue porque sois fachas (o ignorantes en su defecto) los que vais a la huelga de transporte y os quej√°is del gobierno po‚Ä¶, 1 12   que porque sois fachas  o ignorantes en su defecto  los que vais a la huelga de transporte y os quej is del gobierno po ,CesarAbagune,es,0,20,2013-09-22 17:05:05+00:00,180,False,29276,,,1508893887473016834
130,2022-03-29 19:46:32+00:00,"Las bodegas del Marco de Jerez mantienen la producci√≥n ""bajo m√≠nimos"" a la espera de acontecimientos en el paro del sector del transporte

#Sanl√∫car #Rota #Chipiona #Trebujena

https://t.co/OVQTimJ4Wr",las bodegas del marco de jerez mantienen la producci n  bajo m nimos  a la espera de acontecimientos en el paro del sector del transporte   sanl car  rota  chipiona  trebujena   ,FrancoFJavier,es,1,0,2013-03-03 08:54:00+00:00,947,False,280,,,1508893387272990720
132,2022-03-29 19:42:29+00:00,RT @ondavasca: La empresa bizkaina Cementos Lemona se ha visto obligada a parar su horno indefinidamente. Una nueva empresa sufre las conse‚Ä¶, la empresa bizkaina cementos lemona se ha visto obligada a parar su horno indefinidamente  una nueva empresa sufre las conse ,LizarraldeMikel,es,0,1,2011-10-13 11:30:29+00:00,172,False,64860,,,1508892369738997764
133,2022-03-29 19:41:11+00:00,"@CapitanBitcoin Que por cierto, esta central estaba funcionando hasta hace 4 d√≠as que par√≥ por la huelga del transporte ya que no le llegaba carb√≥n. Los molinillos que instalaron son tan efectivos que cada pocos d√≠as la central tiene que arrancar de nuevo....",  que por cierto  esta central estaba funcionando hasta hace 4 d as que par  por la huelga del transporte ya que no le llegaba carb n  los molinillos que instalaron son tan efectivos que cada pocos d as la central tiene que arrancar de nuevo    ,Lugues1983,es,0,0,2012-07-13 15:03:09+00:00,221,False,4230,,,1508892041081757698
135,2022-03-29 19:40:33+00:00,C√≥mo est√° afectando la huelga de transporte a Mercasevilla y su suministro https://t.co/to0OogRiu6 https://t.co/oI1kYP1alP,c mo est  afectando la huelga de transporte a mercasevilla y su suministro    ,radio1malaga,es,0,0,2014-11-18 22:09:29+00:00,876,False,15,M√°laga,,1508891882151063554
138,2022-03-29 19:25:30+00:00,@ElisabetTPW @ParqueWarner @PuyduFou_espana De momento lo que confirmaron est√° en los horarios de espect√°culos.  Los otros personajes los iremos viendo‚Ä¶ pero la huelga de transporte est√° haciendo que se retrase muchas cosas,      espana de momento lo que confirmaron est  en los horarios de espect culos   los otros personajes los iremos viendo  pero la huelga de transporte est  haciendo que se retrase muchas cosas,WarnerFans1,es,1,0,2014-01-20 12:44:48+00:00,1054,False,2433,Parque Warner Fans,,1508888095760044040
140,2022-03-29 19:09:32+00:00,"RT @JoseAnt22053817: Que dice la UGT disfrazada de ""asociaci√≥n de aut√≥nomos"" que lo de la huelga de trabajadores del transporte, es un ""par‚Ä¶", que dice la ugt disfrazada de  asociaci n de aut nomos  que lo de la huelga de trabajadores del transporte  es un  par ,JoseAnt22053817,es,0,1,2022-01-09 10:13:11+00:00,356,False,3091,,,1508884078107451399
142,2022-03-29 19:07:20+00:00,La huelga del transporte pierde fuelle en su tercera semana de protestas https://t.co/GOYznJZcrI a trav√©s de @publico_es,la huelga del transporte pierde fuelle en su tercera semana de protestas   a trav s de   es,JuanRaeiros,es,0,0,2015-11-27 16:26:10+00:00,14436,False,79929,"O Grove,  Pontevedra - Espa√±a",,1508883522609721351
144,2022-03-29 19:03:35+00:00,@klaster_fx @vigobulldog Lo q es ultra derecha es q el principal cabeza del paro patronal de transportista sea afine a vox. Yo ahora estoy con un cami√≥n. Apoyar√≠a la huelga por el cumplimiento del convenio colectivo del transporte. Yo arranque el cami√≥n a las 6.30 y acabo de parar a lss 21.00 https://t.co/IfcbDg1tGu,  fx   lo q es ultra derecha es q el principal cabeza del paro patronal de transportista sea afine a vox  yo ahora estoy con un cami n  apoyar a la huelga por el cumplimiento del convenio colectivo del transporte  yo arranque el cami n a las 6 30 y acabo de parar a lss 21 00  ,joaquin38sev,es,3,0,2015-08-22 23:14:27+00:00,102,False,390,,,1508882578291531776
145,2022-03-29 19:03:12+00:00,"RT @benjalh1971: La ministra de Transporte le dice a los camioneros en huelga que ""se lean el acuerdo""... 
Es ofensivo y fr√≠volo, como si e‚Ä¶", la ministra de transporte le dice a los camioneros en huelga que  se lean el acuerdo      es ofensivo y fr volo  como si e ,cadaunoasuvida,es,0,15,2021-05-01 11:08:39+00:00,16,False,5358,"Cantabria, Espa√±a",,1508882485471596546
146,2022-03-29 19:03:12+00:00,"Lo de @Cex_responde es de juzgado de guardia. Un Postal Express para entregar en 24 horas. Como tienen transporte propio no te dicen que la huelga puede afectar y te calzan los 15.9 por lo urgente. Lo entregan una semana despues, les dices que pasa y te dicen que la huelga y tal",lo de   responde es de juzgado de guardia  un postal express para entregar en 24 horas  como tienen transporte propio no te dicen que la huelga puede afectar y te calzan los 15 9 por lo urgente  lo entregan una semana despues  les dices que pasa y te dicen que la huelga y tal,vance_victor,es,0,0,2012-09-12 14:36:09+00:00,72,False,7458,,,1508882483005333511
148,2022-03-29 18:58:47+00:00,"Espa√±a, la plataforma de transportistas convocante de la huelga, al darles la espalda el poder pol√≠tico, la opci√≥n que tienen es crear su propia agencia de contrataci√≥n del transporte",espa a  la plataforma de transportistas convocante de la huelga  al darles la espalda el poder pol tico  la opci n que tienen es crear su propia agencia de contrataci n del transporte,Feliastur,es,0,0,2011-07-16 21:43:33+00:00,270,False,532,,,1508881374085849092
149,2022-03-29 18:56:18+00:00,"@vcamava Hicieron lo mismo en el gobierno de Balaguer, en la primera huelga quemaron las famosas ""Banderitas"".
Con esos terroristas del transporte no hay quien pueda.",  hicieron lo mismo en el gobierno de balaguer  en la primera huelga quemaron las famosas  banderitas   con esos terroristas del transporte no hay quien pueda ,kiki05152,es,2,0,2014-10-22 22:42:38+00:00,308,False,18522,,,1508880745519013892
150,2022-03-29 18:55:20+00:00,"-Que el almac√©n donde esta el servicio t√©cnico se incendie.
-Que Putin declare la guerra a Espa√±a.
-Que la huelga de transportistas haga que se paralice todo m√°s aun.
-Que se dispare el precio de la gasolina y no sea viable el transporte.
-El Teide lo mismo ma√±ana despierta.", que el almac n donde esta el servicio t cnico se incendie   que putin declare la guerra a espa a   que la huelga de transportistas haga que se paralice todo m s aun   que se dispare el precio de la gasolina y no sea viable el transporte   el teide lo mismo ma ana despierta ,MachanGoGamer,es,3,0,2021-02-16 21:47:12+00:00,231,False,2599,,,1508880505122574357
151,2022-03-29 18:54:19+00:00,#Per√∫: Polic√≠a reporta 40 v√≠as bloquedas por huelga de transporte en Per√∫. https://t.co/eW9rIuv5IE, per   polic a reporta 40 v as bloquedas por huelga de transporte en per    ,lado_mx,es,0,0,2009-11-24 20:25:58+00:00,3050,False,165,Mexico,,1508880249060311040
152,2022-03-29 18:54:06+00:00,¬øLa huelga de transporte no se hab√≠a acabado ya? Hoy estaba el Carrefour que parec√≠a Ucrania., la huelga de transporte no se hab a acabado ya  hoy estaba el carrefour que parec a ucrania ,ibnussabel,es,0,0,2008-05-27 21:05:37+00:00,1628,False,27725,#Espa√±aVaciada,,1508880193280221194
153,2022-03-29 18:49:42+00:00,RT @granadahoy: La falta de materiales por la huelga del transporte afecta a varias grandes obras de la Costa de #Granada üöß Informa @Feigar‚Ä¶, la falta de materiales por la huelga del transporte afecta a varias grandes obras de la costa de  granada   informa   ,FeiGar,es,0,2,2011-04-02 23:32:16+00:00,446,False,4101,Costa de Granada,,1508879084641738767
154,2022-03-29 18:49:00+00:00,"Y esto lo que opina un camionero sobre su trabajo y sobre la huelga ¬øQu√© opinas t√∫? ¬°D√©janoslo en comentarios! ¬°Nos interesa tu opini√≥n! üëáüëáüëá

https://t.co/WxexlecQDP a trav√©s de @motorpasion",y esto lo que opina un camionero sobre su trabajo y sobre la huelga  qu  opinas t    d janoslo en comentarios   nos interesa tu opini n         a trav s de  ,foroDGT,es,2,0,2012-06-19 15:41:32+00:00,7837,False,960,Espa√±a,,1508878909357527047
156,2022-03-29 18:44:21+00:00,"La Plataforma, UITA en Asturias, mantiene la huelga de transporte al no llegar a un acuerdo con empresas cargadoras sobre la actualizaci√≥n de tarifas. Lo adelanta ahora @angelaburdalo en @TPAnoticias",la plataforma  uita en asturias  mantiene la huelga de transporte al no llegar a un acuerdo con empresas cargadoras sobre la actualizaci n de tarifas  lo adelanta ahora   en  ,silvialodiz,es,1,0,2012-03-23 20:11:22+00:00,751,False,5436,Asturias (Spain),,1508877739675340822
157,2022-03-29 18:39:44+00:00,"RT @La_SER: Detenido por rajar las cuatro ruedas y amenazar con una navaja a un camionero de Barrax durante la huelga del transporte

https‚Ä¶", detenido por rajar las cuatro ruedas y amenazar con una navaja a un camionero de barrax durante la huelga del transporte  https ,TimanfayaH,es,0,7,2020-04-20 17:37:02+00:00,179,False,3643,,,1508876580193460226
159,2022-03-29 18:36:57+00:00,La empresa bizkaina Cementos Lemona se ha visto obligada a parar su horno indefinidamente. Una nueva empresa sufre las consecuencias de la huelga en el transporte. La cementera ha tomado la decisi√≥n de parar su horno ya que no tiene mas sitio donde almacenar sus productos. https://t.co/IYaqMEOVts,la empresa bizkaina cementos lemona se ha visto obligada a parar su horno indefinidamente  una nueva empresa sufre las consecuencias de la huelga en el transporte  la cementera ha tomado la decisi n de parar su horno ya que no tiene mas sitio donde almacenar sus productos   ,ondavasca,es,1,1,2011-03-04 20:04:09+00:00,9864,False,3200,Euskadi Basque Country,,1508875878931046406
161,2022-03-29 18:32:16+00:00,"@joorgemartiinn Vale.Ya tengo varios posibles temas, la guerra, el volc√°n, la huelga de transporte, el cachet√≥n de este",  vale ya tengo varios posibles temas  la guerra  el volc n  la huelga de transporte  el cachet n de este,Beatrizzzzzzzz0,es,2,0,2021-06-08 21:54:39+00:00,9,False,105,,,1508874698435792909
162,2022-03-29 18:27:58+00:00,"SUCESOS | Tanto las amenazas como los da√±os no guardan relaci√≥n directa con los paros del transporte de mercanc√≠as por carretera 

https://t.co/Tt9RC4tEas",sucesos   tanto las amenazas como los da os no guardan relaci n directa con los paros del transporte de mercanc as por carretera    ,RadioAlbacete,es,4,5,2012-10-02 17:00:28+00:00,5631,False,622,"Albacete, Espa√±a",,1508873616175288326
164,2022-03-29 18:26:26+00:00,"@La_SER Vaya, ya os hab√©is cansado de Ucrania y huelga del transporte, llega Semana Santa y toca empezar a meter miedo con el covid otra vez.",  ser vaya  ya os hab is cansado de ucrania y huelga del transporte  llega semana santa y toca empezar a meter miedo con el covid otra vez ,ConguitoF1,es,46,3,2021-11-14 14:54:26+00:00,1878,False,3215,"Madrid, Comunidad de Madrid",,1508873232362921991
165,2022-03-29 18:24:43+00:00,"RT @Miguel_Jusapol: Opini√≥n personal:

El Gobierno deber√≠a dialogar con el colectivo que est√° a pie de carretera, ellos se representan a s√≠‚Ä¶", opini n personal   el gobierno deber a dialogar con el colectivo que est  a pie de carretera  ellos se representan a s  ,Chiguito1,es,0,22,2020-01-12 20:24:58+00:00,10,False,113,,,1508872800718761991
166,2022-03-29 18:22:00+00:00,üî¥ Solo para suscriptores de HOY on+ |  La Plataforma Nacional de Transporte plantea nuevas protestas en Extremadura https://t.co/UxyH4Kuhd6,  solo para suscriptores de hoy on     la plataforma nacional de transporte plantea nuevas protestas en extremadura  ,hoyextremadura,es,1,0,2009-06-15 10:01:02+00:00,139338,True,80,Extremadura,,1508872115583590401
169,2022-03-29 18:18:45+00:00,RT @LaSalitadelSin: A qu√© pueblo se referir√° est√° digna representante del Fujimorismo. ¬øAl espa√±ol? Porque esa foto es de la huelga de tran‚Ä¶, a qu  pueblo se referir  est  digna representante del fujimorismo   al espa ol  porque esa foto es de la huelga de tran ,TDSOTM66,es,0,63,2021-03-07 17:15:25+00:00,105,False,27707,,,1508871296020537350
171,2022-03-29 18:15:26+00:00,"üöö La huelga del transporte pone en peligro ""la cuota de mercado europea"" del fr√≠o industrial de #Lucena https://t.co/8lUqdS30C0",  la huelga del transporte pone en peligro  la cuota de mercado europea  del fr o industrial de  lucena  ,eldiacordoba,es,1,0,2010-10-20 16:27:49+00:00,65523,False,557,C√≥rdoba - Espa√±a,,1508870464655011846
179,2022-03-29 18:05:59+00:00,La huelga del transporte pierde fuelle en su tercera semana de protestas https://t.co/JcLMebxLXD v√≠a @publico_es,la huelga del transporte pierde fuelle en su tercera semana de protestas   v a   es,carollm333,es,0,0,2011-02-03 18:29:06+00:00,2111,False,190757,,,1508868086455324685
181,2022-03-29 18:02:05+00:00,RT @eldiarioeus: Los barcos de bajura salen a faenar despu√©s de que Hiru haya aceptado la petici√≥n de arrantzales y ganaderos para que sus‚Ä¶, los barcos de bajura salen a faenar despu s de que hiru haya aceptado la petici n de arrantzales y ganaderos para que sus ,2901pg15,es,0,1,2015-11-02 08:06:34+00:00,323,False,61590,,,1508867105185222658
182,2022-03-29 18:00:01+00:00,La falta de materiales por la huelga del transporte afecta a varias grandes obras de la Costa de #Granada üöß Informa @Feigar  https://t.co/S98kbxUPTq,la falta de materiales por la huelga del transporte afecta a varias grandes obras de la costa de  granada   informa     ,granadahoy,es,1,2,2007-11-27 11:04:57+00:00,34696,False,597,Granada,,1508866585188085766
183,2022-03-29 17:59:47+00:00,"RT @olivigua: ay Fekeli ,nos va a doler m√°s que la subida de la gasolina,la cesta de la compra ,la huelga de transporte...Tengo que tom√°rme‚Ä¶", ay fekeli  nos va a doler m s que la subida de la gasolina la cesta de la compra  la huelga de transporte   tengo que tom rme ,lourdesyulli,es,0,3,2013-09-23 18:25:59+00:00,300,False,46401,Cartagena,,1508866524743884802
184,2022-03-29 17:59:16+00:00,"RT @PSindicalEMT: ‚ÄºÔ∏è250 millones de trabajadores llamados a la huelga en #India

‚úÖ Agricultores, transporte p√∫blico, ferrocarriles, electri‚Ä¶",   250 millones de trabajadores llamados a la huelga en  india    agricultores  transporte p blico  ferrocarriles  electri ,busero20,es,0,1,2012-05-24 07:24:37+00:00,375,False,8788,,,1508866396259852289
185,2022-03-29 17:58:03+00:00,"RT @NonNobis10: üöö | √öLTIMA HORA | HUELGA TRANSPORTISTAS | MENSAJE | PRESIDENTE | PLATAFORMA | 29-03-2022 | 18:30h

‚òùÔ∏èMensaje del presidente‚Ä¶",      ltima hora   huelga transportistas   mensaje   presidente   plataforma   29 03 2022   18 30h    mensaje del presidente ,BarberJUSTICIE1,es,0,3,2020-04-24 19:31:34+00:00,543,False,28872,,,1508866088330829826
189,2022-03-29 17:56:08+00:00,"RT @CovadongaFernn6: Huelga intensa del transporte, coste de la luz para empresas electrointensivas y sector primario con pocos m√°rgenes:‚Ä¶", huelga intensa del transporte  coste de la luz para empresas electrointensivas y sector primario con pocos m rgenes  ,InesdeBen_,es,0,1,2020-10-30 15:46:05+00:00,271,False,21073,"Coru√±a , Galicia",,1508865605532803075
191,2022-03-29 17:53:54+00:00,El acuerdo se ha alcanzado hoy entre la consejera de Educaci√≥n y la FET y era una de las reivindicaciones del sector para evitar la huelga del transporte en las islas. https://t.co/YkRfaF4plx,el acuerdo se ha alcanzado hoy entre la consejera de educaci n y la fet y era una de las reivindicaciones del sector para evitar la huelga del transporte en las islas   ,canarias7,es,3,0,2009-08-19 16:11:03+00:00,111298,False,2221,Islas Canarias,,1508865043038879758
192,2022-03-29 17:53:30+00:00,@m_blazquezzz Es por la huelga de transporte y la guerra tardan en llegar,  blazquezzz es por la huelga de transporte y la guerra tardan en llegar,Maria14922,es,1,0,2019-12-02 14:02:38+00:00,651,False,29732,Somewhere,,1508864943017320453
195,2022-03-29 17:52:06+00:00,"‚ÄºÔ∏è250 millones de trabajadores llamados a la huelga en #India

‚úÖ Agricultores, transporte p√∫blico, ferrocarriles, electricidad, banca, seguros, carb√≥n, acero, petr√≥leo, telecomunicaciones y servicios postales contin√∫an hoy la huelga general de 48h.

https://t.co/K9ryWiQUxM",  250 millones de trabajadores llamados a la huelga en  india    agricultores  transporte p blico  ferrocarriles  electricidad  banca  seguros  carb n  acero  petr leo  telecomunicaciones y servicios postales contin an hoy la huelga general de 48h    ,PSindicalEMT,es,3,1,2021-09-09 10:57:05+00:00,2243,False,2608,Madrid,,1508864589924024331
198,2022-03-29 17:49:43+00:00,"La huelga del sector transportista en #Espa√±aüá™üá∏ convocada por la Plataforma Nacional en Defensa del Transporte por Carretera contin√∫a luego de que rechazaran las nuevas medidas del gobierno

https://t.co/luFzxTN13t",la huelga del sector transportista en  espa a   convocada por la plataforma nacional en defensa del transporte por carretera contin a luego de que rechazaran las nuevas medidas del gobierno   ,teleSURtv,es,10,12,2009-06-05 22:21:49+00:00,2034265,True,1193,Caracas,,1508863991958941703
201,2022-03-29 17:48:13+00:00,"@PratSandberg.#Gracias a los profesionales de @cuatroaldia,por su implicaci√≥n,por concienciarse q los alimentos se pierden debido a los efectos de la huelga del transporte,y que siempre los dannificados somos los mismos ,las explotaciones familiares.#Gracias x dadanos visibilidad https://t.co/lIMEeUySuw",   gracias a los profesionales de   por su implicaci n por concienciarse q los alimentos se pierden debido a los efectos de la huelga del transporte y que siempre los dannificados somos los mismos  las explotaciones familiares  gracias x dadanos visibilidad  ,angelherrerasa3,es,0,0,2014-02-04 19:01:44+00:00,931,False,70431,,,1508863612915441665
203,2022-03-29 17:47:41+00:00,"üöö | √öLTIMA HORA | HUELGA TRANSPORTISTAS | MENSAJE | PRESIDENTE | PLATAFORMA | 29-03-2022 | 18:30h

‚òùÔ∏èMensaje del presidente de la Plataforma Nacional defensa del sector del transporte. 

üõéTelegram:
üëâhttps://t.co/W5Q6Xv08Wl  

""Pensaron enterrarnos sin saber que √©ramos semilla"" https://t.co/xLg8HSgDUZ",     ltima hora   huelga transportistas   mensaje   presidente   plataforma   29 03 2022   18 30h    mensaje del presidente de la plataforma nacional defensa del sector del transporte     telegram         pensaron enterrarnos sin saber que  ramos semilla   ,NonNobis10,es,0,3,2021-05-10 07:26:49+00:00,1280,False,6615,Espa√±a,,1508863478509051912
204,2022-03-29 17:46:22+00:00,"RT @JoseJosefser: @ccarballo50 Don C√©sar, denos su opini√≥n y consejos acerca de:
1)Las pr√≥ximas olas de Covid.
2)Cumbre Vieja y como mitiga‚Ä¶",   don c sar  denos su opini n y consejos acerca de  1 las pr ximas olas de covid  2 cumbre vieja y como mitiga ,MikelLacambra,es,0,3,2020-04-03 13:57:38+00:00,770,False,61782,"Portugalete, Espa√±a",,1508863146290782211
205,2022-03-29 17:44:33+00:00,"üöõLos convocantes consideran que estas medidas y acuerdos no son suficientes.
La #huelga se abre hueco en un conflicto que trasciende lo econ√≥mico para caldear a√∫n m√°s la pol√≠tica. El #transporte ha paralizado el abastecimiento de un pa√≠s entero. https://t.co/8T8Thmjows", los convocantes consideran que estas medidas y acuerdos no son suficientes  la  huelga se abre hueco en un conflicto que trasciende lo econ mico para caldear a n m s la pol tica  el  transporte ha paralizado el abastecimiento de un pa s entero   ,MedioMultimedia,es,0,0,2019-02-14 18:15:16+00:00,64,False,112,"Fuenlabrada, Espa√±a",,1508862691733037058
206,2022-03-29 17:43:39+00:00,"La huelga del transporte sigue sin
soluci√≥n por la incompetencia de
Raquel S√°nchez
No es de extra√±ar, se apellida como
el Presidente del Gobierno .
De tal palo tal astilla
UGT y CC.OO est√°n al lado de la
torpe Ministra y no apoyan a los
aut√≥nomos y los trabajadores
Qu√© DESASTRE https://t.co/B0JzMQSb8C",la huelga del transporte sigue sin soluci n por la incompetencia de raquel s nchez no es de extra ar  se apellida como el presidente del gobierno   de tal palo tal astilla ugt y cc oo est n al lado de la torpe ministra y no apoyan a los aut nomos y los trabajadores qu  desastre  ,LaPERA91979880,es,0,0,2020-04-22 19:12:16+00:00,104,False,1375,,,1508862465295192065
210,2022-03-29 17:39:24+00:00,"RT @angelherrerasa3: @cuatroaldia.#Gracias a los profesionales de @cuatroaldia,por su implicaci√≥n,por concienciarse q los alimentos se pier‚Ä¶",    gracias a los profesionales de   por su implicaci n por concienciarse q los alimentos se pier ,Cayellorca,es,0,1,2010-05-24 18:48:15+00:00,399,False,679,Sevilla - Madrid,,1508861397022748688
212,2022-03-29 17:37:03+00:00,"@cuatroaldia.#Gracias a los profesionales de @cuatroaldia,por su implicaci√≥n,por concienciarse q los alimentos se pierden debido a los efectos de la huelga del transporte,y que siempre los dannificados somos los mismos ,las explotaciones familiares.#Gracias x dadanos visibilidad https://t.co/Z5VXzI130S",   gracias a los profesionales de   por su implicaci n por concienciarse q los alimentos se pierden debido a los efectos de la huelga del transporte y que siempre los dannificados somos los mismos  las explotaciones familiares  gracias x dadanos visibilidad  ,angelherrerasa3,es,1,1,2014-02-04 19:01:44+00:00,931,False,70431,,,1508860805399339016
213,2022-03-29 17:36:57+00:00,"Apoyo est√° huelga, pero nunca a este tipo de piquetes violentos.
Multa gorda y, si toca carcel, que se jodan.
Seis piquetes detenidos en Asturias por la huelga de transporte, cuatro de ellos implicados en una barricada en la A-8 - La Nueva Espa√±a https://t.co/3CE6aXuI57",apoyo est  huelga  pero nunca a este tipo de piquetes violentos  multa gorda y  si toca carcel  que se jodan  seis piquetes detenidos en asturias por la huelga de transporte  cuatro de ellos implicados en una barricada en la a 8   la nueva espa a  ,Huktheim,es,1,0,2011-05-02 23:51:36+00:00,1145,False,110654,,,1508860777922498564
214,2022-03-29 17:32:41+00:00,"La #huelga de #transportistas, nuevo reto para los #ecommerce espa√±oles

üëâhttps://t.co/t5IIzUsy1A

 #transporte #log√≠stica #logistics https://t.co/Cxm4NoakBj",la  huelga de  transportistas  nuevo reto para los  ecommerce espa oles        transporte  log stica  logistics  ,novologistica,es,0,1,2012-08-24 07:50:26+00:00,5222,False,777,Espa√±a,,1508859705631850503
216,2022-03-29 17:31:31+00:00,@VTorres_abogada Hay huelga de transporte. ¬øTe vale del caser√≠o?,  abogada hay huelga de transporte   te vale del caser o ,voladizogolsur,es,1,0,2010-10-30 13:28:00+00:00,2581,False,22674,Sevilla,,1508859412190044160
217,2022-03-29 17:30:49+00:00,"@cuatroaldia.#S.Primario ya no sabemos q est√° sucediendo siempre habiamos permanecido expectantes ante las inclemencias meteorol√≥gicas,pero ahora nos asola un tsunami.#Calima,sequia,guerra de Ucrania,precios de todo x las nubes y para rematar la situaci√≥n huelga del transporte. https://t.co/Cfrc48nOzN",   s primario ya no sabemos q est  sucediendo siempre habiamos permanecido expectantes ante las inclemencias meteorol gicas pero ahora nos asola un tsunami  calima sequia guerra de ucrania precios de todo x las nubes y para rematar la situaci n huelga del transporte   ,angelherrerasa3,es,0,0,2014-02-04 19:01:44+00:00,931,False,70431,,,1508859234775191571
220,2022-03-29 17:18:01+00:00,"Todos quej√°ndose de la falta de productos de alimentaci√≥n por la huelga del transporte, pero nadie se queja de la falta de #Medicaci√≥n en las #Farmacias, que est√° afectando de forma muy seria a muchos enfermos cr√≥nicos, que no tienen lo que necesitan en las farmacias... https://t.co/gvGlq6lc2o",todos quej ndose de la falta de productos de alimentaci n por la huelga del transporte  pero nadie se queja de la falta de  medicaci n en las  farmacias  que est  afectando de forma muy seria a muchos enfermos cr nicos  que no tienen lo que necesitan en las farmacias     ,J_Ramos_Garcia,es,1,0,2012-01-22 12:05:39+00:00,583,False,3982,Galicia-Catalu√±a  Espa√±a,,1508856011821662226
221,2022-03-29 17:17:18+00:00,"@Julio_Rodr_ @PODEMOS ¬øADEM√ÅS DE ETARRAS / GOLPISTAS NO DEFEND√çAIS A LOS ANIMALES?
Prensa: Los ganaderos empiezan a racionar la comida a sus animales por la huelga del transporte",  rodr     adem s de etarras   golpistas no defend ais a los animales  prensa  los ganaderos empiezan a racionar la comida a sus animales por la huelga del transporte,Unomas44284474,es,0,0,2022-01-30 17:24:54+00:00,5,False,2,,,1508855832154456067
223,2022-03-29 17:17:14+00:00,"@PodemosAragon @PODEMOS ¬øADEM√ÅS DE ETARRAS / GOLPISTAS NO DEFEND√çAIS A LOS ANIMALES?
Prensa: Los ganaderos empiezan a racionar la comida a sus animales por la huelga del transporte",     adem s de etarras   golpistas no defend ais a los animales  prensa  los ganaderos empiezan a racionar la comida a sus animales por la huelga del transporte,Unomas44284474,es,0,0,2022-01-30 17:24:54+00:00,5,False,2,,,1508855815314317314
225,2022-03-29 17:15:15+00:00,RT @jatirado_oc: #Econom√≠a HUELGA TRANSPORTE - Un grupo de transportistas corta la Ronda Litoral en nueva jornada de paros https://t.co/QVf‚Ä¶,  econom a huelga transporte   un grupo de transportistas corta la ronda litoral en nueva jornada de paros  ,bipolarbalu,es,0,3,2013-07-02 00:54:07+00:00,884,False,131117,"Porto Alegre, Brasil",,1508855318834470921
227,2022-03-29 17:12:13+00:00,"RT @lanuevaespana: Seis piquetes detenidos en Asturias por la huelga de transporte, cuatro de ellos implicados en una barricada en la A-8 h‚Ä¶", seis piquetes detenidos en asturias por la huelga de transporte  cuatro de ellos implicados en una barricada en la a 8 h ,m5a5r5i5,es,0,3,2012-12-25 09:55:33+00:00,163,False,54491,,,1508854555873849356
228,2022-03-29 17:11:49+00:00,"RT @DiegoRi03832524: Millones de trabajadores del transporte p√∫blico, ferrocarriles, electricidad, banca, seguros, carb√≥n, acero, petr√≥leo,‚Ä¶", millones de trabajadores del transporte p blico  ferrocarriles  electricidad  banca  seguros  carb n  acero  petr leo  ,lacomumacha,es,0,5,2010-06-22 23:58:54+00:00,1368,False,124352,"Pues aqu√≠, ¬øno me ves?",,1508854454375886854
229,2022-03-29 17:09:36+00:00,"Ning√∫n transportista puede soportar una huelga indefinida.
El principal enemigo en el Transporte es ese Transportista pirata sin escr√∫pulos que revienta las Tarifas yendo a bajo precio para conseguir m√°s viajes con el prejuicio que ello conlleva para el resto de Transportistas.",ning n transportista puede soportar una huelga indefinida  el principal enemigo en el transporte es ese transportista pirata sin escr pulos que revienta las tarifas yendo a bajo precio para conseguir m s viajes con el prejuicio que ello conlleva para el resto de transportistas ,PanamaSuiza,es,101,41,2020-07-04 14:23:16+00:00,13234,False,55016,Pa√≠s Valenci√°..,,1508853895581294593
231,2022-03-29 17:04:19+00:00,"RT @AUGC_Andalucia: @guardiacivil Aqu√≠ se ve poco de eso por parte de algunos, m√°xime cuando todas las unidades est√°n ‚Äútensionadas‚Äù por el‚Ä¶",   aqu  se ve poco de eso por parte de algunos  m xime cuando todas las unidades est n  tensionadas  por el ,Angel_Escozio,es,0,17,2012-05-13 11:31:55+00:00,3089,False,3656,Sureste de Espa√±a (Alicante),,1508852563868848134
234,2022-03-29 17:00:06+00:00,"Rumspringa no ha llegado a las tiendas especializadas, de Bilbao al menos, por la huelga de transporte. @EdicionesFujur no sirve a grandes superficies, al menos en Bilbao. La tirada se agot√≥ en su tienda mientras la otra mitad de √©sta agoniza en transportes huelguistas.",rumspringa no ha llegado a las tiendas especializadas  de bilbao al menos  por la huelga de transporte    no sirve a grandes superficies  al menos en bilbao  la tirada se agot  en su tienda mientras la otra mitad de  sta agoniza en transportes huelguistas ,AnaShiryuan,es,4,0,2014-06-07 14:39:00+00:00,605,False,7347,Bilbao Spain ,,1508851506455404545
235,2022-03-29 16:58:34+00:00,RT @senacuevas1986: ¬øC√≥mo puede avanzar un pa√≠s en materia de transporte p√∫blico si hay individuos que saben que el transporte p√∫blico actu‚Ä¶,  c mo puede avanzar un pa s en materia de transporte p blico si hay individuos que saben que el transporte p blico actu ,mikecrossc333,es,0,1,2019-05-24 13:23:24+00:00,811,False,43986,Santo Domingo,,1508851119145070606
236,2022-03-29 16:56:09+00:00,"Barullo para canjear, gripe por y con cobi (que sube algo la incidencia para poder seguir tirando de ah√≠ y desglosada por vacunas y camas) y amenazas de estado de alarma por la huelga de transporte, que no dicen nada ya, pero Dios sabe
un popurr√≠ de herramientas
para Semana Santa https://t.co/HNt75JoxPe",barullo para canjear  gripe por y con cobi  que sube algo la incidencia para poder seguir tirando de ah  y desglosada por vacunas y camas  y amenazas de estado de alarma por la huelga de transporte  que no dicen nada ya  pero dios sabe un popurr  de herramientas para semana santa  ,sylodium,es,1,0,2011-11-17 20:36:14+00:00,1226,False,41142,Crossings,,1508850511562395659
237,2022-03-29 16:54:28+00:00,RT @CanalMalagaRTV: üß±Los constructores y promotores @acpmalaga  advierten que esta semana se podr√≠an paralizar pr√°cticamente todas las obra‚Ä¶,  los constructores y promotores    advierten que esta semana se podr an paralizar pr cticamente todas las obra ,pjimenezg76,es,0,1,2011-09-29 13:06:09+00:00,928,False,1278,"M√°laga, Espa√±a",,1508850085156868103
238,2022-03-29 16:54:00+00:00,"üóûÔ∏è SETROI #NEWS #ULTIMAHORA El paro del transporte se diluye en Galicia y la normalidad regresa a las carreteras. https://t.co/obBTg0o4rm los √∫ltimos coletazos de la huelga de transportes en Galicia, una de las comunidades en las que con m√°s intensidad se vivieron las protestas,",   setroi  news  ultimahora el paro del transporte se diluye en galicia y la normalidad regresa a las carreteras    los  ltimos coletazos de la huelga de transportes en galicia  una de las comunidades en las que con m s intensidad se vivieron las protestas ,GDWEB3,es,0,0,2020-12-29 17:21:08+00:00,353,False,1,Espa√±a,,1508849971331842049
240,2022-03-29 16:49:22+00:00,RT @Mariano5212: La huelga del transporte pierde fuelle en su tercera semana de protestas https://t.co/06KHZRV8hq a trav√©s de @publico_es L‚Ä¶, la huelga del transporte pierde fuelle en su tercera semana de protestas   a trav s de   es l ,Mariano5212,es,0,6,2013-07-26 21:06:27+00:00,1407,False,169,Espa√±a,,1508848803394293766
243,2022-03-29 16:43:11+00:00,Mes de la recolecci√≥n de la fresa: cae por la huelga de transporte https://t.co/qFzGljhnuU https://t.co/X8lH4JhXN8,mes de la recolecci n de la fresa  cae por la huelga de transporte    ,alvalzi,es,0,0,2009-06-22 19:44:42+00:00,520,False,33,Madrid,,1508847247580037120
244,2022-03-29 16:42:10+00:00,"RT @DarioPerrone3: El paro de trenes decretado por el sindicato dej√≥ a un mill√≥n de personas sin transporte en todo el pa√≠s???
El derecho a‚Ä¶", el paro de trenes decretado por el sindicato dej  a un mill n de personas sin transporte en todo el pa s    el derecho a ,AMisenta,es,0,2,2019-04-26 22:09:12+00:00,62,False,18211,,,1508846993048752129
247,2022-03-29 16:37:42+00:00,"Los transportistas van retomando la actividad y la Plataforma insta a ""aguantar"" https://t.co/Jwo4P8xbVz a trav√©s de @24clm",los transportistas van retomando la actividad y la plataforma insta a  aguantar    a trav s de  ,24clm,es,0,0,2012-09-12 15:42:26+00:00,32890,False,1293,"Toledo, Espa√±a",,1508845865674416132
249,2022-03-29 16:36:50+00:00,RT @La_SER: Un millar de convoyes escoltados y 12 detenidos en Asturias desde el inicio de la huelga de transporte https://t.co/VjNXpq5dde, un millar de convoyes escoltados y 12 detenidos en asturias desde el inicio de la huelga de transporte  ,marcos06749671,es,0,9,2018-11-05 17:16:03+00:00,1094,False,62382,Principality of Asturias,,1508845648363528201
250,2022-03-29 16:36:27+00:00,"ay Fekeli ,nos va a doler m√°s que la subida de la gasolina,la cesta de la compra ,la huelga de transporte...Tengo que tom√°rmelo as√≠ #TierraAmarga29Mar https://t.co/T9fU0R519t",ay fekeli  nos va a doler m s que la subida de la gasolina la cesta de la compra  la huelga de transporte   tengo que tom rmelo as   tierraamarga29mar  ,olivigua,es,26,3,2014-06-15 11:38:46+00:00,425,False,6631,,,1508845554561863684
251,2022-03-29 16:35:47+00:00,"@Lizzymd66 @CarrefourES Te dir√°n que por la subida del gas√≥leo y la luz.
Solo le sube la luz para los supermercados.
Los transportistas o sigen  huelga, o les ha bajado el gobierno, pero no cobran m√°s por el transporte de esas subidas.
Los productores, los pescadores sigen en huelga, no digo m√°s.",    te dir n que por la subida del gas leo y la luz  solo le sube la luz para los supermercados  los transportistas o sigen  huelga  o les ha bajado el gobierno  pero no cobran m s por el transporte de esas subidas  los productores  los pescadores sigen en huelga  no digo m s ,lolalolitalol76,es,1,0,2011-10-07 09:59:07+00:00,19,False,1674,Madrid,,1508845384055070724
252,2022-03-29 16:33:12+00:00,"RT @A3Noticias: üõí ¬øQu√© productos son m√°s caros? 

‚û° Haz aqu√≠ #TuConsultaA3N y comprueba cu√°nto ha subido el precio de los alimentos y c√≥mo‚Ä¶",    qu  productos son m s caros      haz aqu   tuconsultaa3n y comprueba cu nto ha subido el precio de los alimentos y c mo ,Daro558,es,0,2,2020-04-18 15:04:52+00:00,3017,False,6642,,,1508844735548563456
253,2022-03-29 16:30:50+00:00,"üß±Los constructores y promotores @acpmalaga  advierten que esta semana se podr√≠an paralizar pr√°cticamente todas las obras en la provincia por la falta de materiales. Se cumplen quince d√≠as de la huelga del transporte y ya escasea el material en todos los tajos

@MLGaquiyahora https://t.co/37xVRE3Nyb", los constructores y promotores    advierten que esta semana se podr an paralizar pr cticamente todas las obras en la provincia por la falta de materiales  se cumplen quince d as de la huelga del transporte y ya escasea el material en todos los tajos     ,CanalMalagaRTV,es,0,1,2011-07-01 20:31:39+00:00,20512,False,25932,M√°laga,,1508844138271318023
254,2022-03-29 16:30:25+00:00,"@valeromas @regueboni El Banco de alimentos est√° seco. 
Les faltaba s√≥lo una huelga de transporte. 
No tienen nada de leche",    el banco de alimentos est  seco   les faltaba s lo una huelga de transporte   no tienen nada de leche,Luna65021403,es,0,0,2021-07-10 06:47:01+00:00,154,False,38866,,,1508844035359784965
256,2022-03-29 16:25:49+00:00,@ariadnareinag Creo que el gobierno espa√±ol no esperaba que el sector del transporte estar√¨a organizado en esta manera. La huelga de camioneros tiene un efecto grave en todos los sectores. Me parece que un subsidio de 20 c√©ntimos el litro no es suficiente para resolver esta crisis #huelgaespa√±a,  creo que el gobierno espa ol no esperaba que el sector del transporte estar a organizado en esta manera  la huelga de camioneros tiene un efecto grave en todos los sectores  me parece que un subsidio de 20 c ntimos el litro no es suficiente para resolver esta crisis  huelgaespa a,Avishkar14,es,0,0,2009-08-18 16:18:33+00:00,154,False,629,Kolkata,,1508842877119766530
259,2022-03-29 16:17:25+00:00,La huelga del transporte pierde fuelle en su tercera semana de protestas https://t.co/5fURieHCUb v√≠a @publico_es,la huelga del transporte pierde fuelle en su tercera semana de protestas   v a   es,quiminauta,es,0,0,2010-04-25 11:19:16+00:00,2218,False,134448,Espa√±a,,1508840762531790848
260,2022-03-29 16:17:11+00:00,RT @ondacerogijon: La Compa√±√≠a Orovalle asegura que comparte con su plantilla la preocupaci√≥n por el futuro de la actividad industrial en A‚Ä¶, la compa  a orovalle asegura que comparte con su plantilla la preocupaci n por el futuro de la actividad industrial en a ,jcambl33,es,0,2,2012-05-15 18:03:34+00:00,525,False,103517,"Oviedo, Espa√±a",,1508840703664832513
263,2022-03-29 16:02:30+00:00,@JoseGar68 @RonCicer todo en orden!! Ya est√°n reunidos @CCOO y @UGTMadrid para tratar de resolver el problema de la huelga del transporte. Cuando ellos quieren‚Ä¶. ü§∑‚Äç‚ôÇÔ∏èü§∑‚Äç‚ôÇÔ∏è https://t.co/NzJqkiTS0U,    todo en orden   ya est n reunidos   y   para tratar de resolver el problema de la huelga del transporte  cuando ellos quieren             ,MiguelngelYez3,es,2,0,2021-07-28 07:02:14+00:00,388,False,7076,,,1508837009275641857
264,2022-03-29 16:02:04+00:00,"Huelga de transporte, √∫ltima hora | La rebaja en el combustible se aplicar√° desde el viernes al repostar y se sumar√° a los descuentos de las petroleras
@elmundoes Las rebajas de las petroleras que han subido 5 ct el litro. As√≠ siempre gana el gobierno https://t.co/IB3pHB2Uow",huelga de transporte   ltima hora   la rebaja en el combustible se aplicar  desde el viernes al repostar y se sumar  a los descuentos de las petroleras   las rebajas de las petroleras que han subido 5 ct el litro  as  siempre gana el gobierno  ,egallardo1954,es,0,0,2015-05-07 21:43:41+00:00,51,False,24,,,1508836902249676813
265,2022-03-29 16:00:01+00:00,Los barcos de bajura salen a faenar despu√©s de que Hiru haya aceptado la petici√≥n de arrantzales y ganaderos para que sus piquetes no interfieran en su actividad https://t.co/Cd99odVbuP,los barcos de bajura salen a faenar despu s de que hiru haya aceptado la petici n de arrantzales y ganaderos para que sus piquetes no interfieran en su actividad  ,eldiarioeus,es,1,1,2013-01-18 14:17:01+00:00,10806,False,1948,Euskadi,,1508836384001257475
266,2022-03-29 16:00:01+00:00,"Los transportistas de UITA, abiertos a terminar con la huelga del transporte si llegan a un acuerdo con los grandes empresarios https://t.co/NaVPjmL6JX",los transportistas de uita  abiertos a terminar con la huelga del transporte si llegan a un acuerdo con los grandes empresarios  ,lanuevaespana,es,0,1,2009-03-05 12:48:27+00:00,164769,True,90,Asturias,,1508836383787565062
270,2022-03-29 15:52:54+00:00,RT @JOSEJORGEROD: @todoesmentiratv Vergonzosa la actitud de Risto mejide hacia Antonio Naranjo no dej√°ndole hablar y replicar al sindicalis‚Ä¶,   vergonzosa la actitud de risto mejide hacia antonio naranjo no dej ndole hablar y replicar al sindicalis ,Francis30635512,es,0,2,2022-02-26 19:44:59+00:00,1326,False,6418,"Valencia, Espa√±a",,1508834592865886216
273,2022-03-29 15:47:45+00:00,"RT @lavozdelsures: Piquetes de la huelga de transporte acosan a un cami√≥n cisterna durante 40 km

https://t.co/dk7i9Pmb6Q", piquetes de la huelga de transporte acosan a un cami n cisterna durante 40 km   ,anabue,es,0,2,2010-10-26 18:07:01+00:00,1080,False,154672,,,1508833295257284617
274,2022-03-29 15:47:29+00:00,La huelga del transporte pierde fuelle en su tercera semana de protestas https://t.co/HHnG3pVSwD v√≠a @publico_es,la huelga del transporte pierde fuelle en su tercera semana de protestas   v a   es,manubenas,es,0,0,2011-03-18 12:15:08+00:00,14822,False,36394,En la red,,1508833228479778827
282,2022-03-29 15:40:39+00:00,@todoesmentiratv Vergonzosa la actitud de Risto mejide hacia Antonio Naranjo no dej√°ndole hablar y replicar al sindicalista de UGT por otro lado a ver cu√°ndo invita a la vez a cualquier aut√≥nomo que est√° haciendo la huelga.Para cuando un todo es verdad dedicado al transporte y sector primario????,  vergonzosa la actitud de risto mejide hacia antonio naranjo no dej ndole hablar y replicar al sindicalista de ugt por otro lado a ver cu ndo invita a la vez a cualquier aut nomo que est  haciendo la huelga para cuando un todo es verdad dedicado al transporte y sector primario    ,JOSEJORGEROD,es,2,2,2011-04-19 23:03:15+00:00,12,False,47,,,1508831509955981312
283,2022-03-29 15:40:34+00:00,"La Plataforma contin√∫a los paros ignorando el acuerdo alcanzado con los representantes leg√≠timos de los transportistas y, sin embargo, se va recuperando la actividad normal...ergoooooo, eran m√°s violentos que representativos y por eso tuvieron impacto https://t.co/V7xv853lW9",la plataforma contin a los paros ignorando el acuerdo alcanzado con los representantes leg timos de los transportistas y  sin embargo  se va recuperando la actividad normal   ergoooooo  eran m s violentos que representativos y por eso tuvieron impacto  ,dbollero,es,5,3,2010-02-17 08:41:07+00:00,7937,False,12127,"M√°laga, Espa√±a",,1508831490808987654
284,2022-03-29 15:40:05+00:00,"Que dice la UGT disfrazada de ""asociaci√≥n de aut√≥nomos"" que lo de la huelga de trabajadores del transporte, es un ""paro patronal"". .... Y se quedan tan  tranquilos.",que dice la ugt disfrazada de  asociaci n de aut nomos  que lo de la huelga de trabajadores del transporte  es un  paro patronal        y se quedan tan  tranquilos ,JoseAnt22053817,es,2,1,2022-01-09 10:13:11+00:00,356,False,3091,,,1508831367907483653
285,2022-03-29 15:40:00+00:00,"Piquetes de la huelga de transporte acosan a un cami√≥n cisterna durante 40 km

https://t.co/dk7i9Pmb6Q",piquetes de la huelga de transporte acosan a un cami n cisterna durante 40 km   ,lavozdelsures,es,3,2,2012-06-02 12:46:25+00:00,13530,False,13483,Andaluc√≠a,,1508831346231169032
288,2022-03-29 15:36:39+00:00,"Tan aburrida de la huelga de transportistas que prefiero ver @salvameoficial 
se√±ores del transporte, saben cu√°ntos aut√≥nomos hacen irpf a p√©rdidas.  Y cuenten si en confinamiento transportaron gratis. Que todos vamos a currar con el mismo sueldo y combustible por las nubes.",tan aburrida de la huelga de transportistas que prefiero ver    se ores del transporte  saben cu ntos aut nomos hacen irpf a p rdidas   y cuenten si en confinamiento transportaron gratis  que todos vamos a currar con el mismo sueldo y combustible por las nubes ,Ritabolk,es,3,0,2011-02-13 21:21:38+00:00,349,False,2758,Tenerife,,1508830504002457614
290,2022-03-29 15:36:16+00:00,"@todoesmentiratv De ver√° acusa a vox de estar metido en la huelga de transporte, lo vas a tener que demostrar, si hubiesen sido los sindicatos? Vale ya ese odio a vox",  de ver  acusa a vox de estar metido en la huelga de transporte  lo vas a tener que demostrar  si hubiesen sido los sindicatos  vale ya ese odio a vox,aneshalieli,es,4,0,2021-05-29 18:15:09+00:00,2805,False,86018,,,1508830407437000721
292,2022-03-29 15:34:36+00:00,"#Provinciales El sindicato que nuclea a los conductores de trenes de transporte de pasajeros y de carga, hab√≠a lanzado una huelga de 24 horas en rechazo a una medida judicial.

https://t.co/ra9rHc64Ci", provinciales el sindicato que nuclea a los conductores de trenes de transporte de pasajeros y de carga  hab a lanzado una huelga de 24 horas en rechazo a una medida judicial    ,info_portada,es,0,0,2021-04-20 16:07:29+00:00,88,False,6,"Buenos Aires, Argentina",,1508829987121553415
296,2022-03-29 15:31:51+00:00,¬øC√≥mo puede avanzar un pa√≠s en materia de transporte p√∫blico si hay individuos que saben que el transporte p√∫blico actual es un desorden y hacen huelga para que no se ordene?, c mo puede avanzar un pa s en materia de transporte p blico si hay individuos que saben que el transporte p blico actual es un desorden y hacen huelga para que no se ordene ,senacuevas1986,es,4,1,2020-01-08 12:22:50+00:00,1190,False,20066,,,1508829294499356679
301,2022-03-29 15:28:46+00:00,"Detenido por rajar las cuatro ruedas y amenazar con una navaja a un camionero de Barrax durante la huelga del transporte

https://t.co/P0UTgs3ze9

Informa @RadioAlbacete",detenido por rajar las cuatro ruedas y amenazar con una navaja a un camionero de barrax durante la huelga del transporte     informa  ,La_SER,es,11,7,2009-06-01 16:07:07+00:00,1371722,True,1785,,,1508828519358476296
308,2022-03-29 15:15:00+00:00,"El presidente de la Plataforma para la Defensa del Sector del Transporte de Mercanc√≠as por Carretera, Manuel Hern√°ndez, dice que la huelga ""va a continuar desgraciadamente"": ""Perdemos menos parados que trabajando"" https://t.co/CGaHrSR60L https://t.co/RD605KEiDi",el presidente de la plataforma para la defensa del sector del transporte de mercanc as por carretera  manuel hern ndez  dice que la huelga  va a continuar desgraciadamente    perdemos menos parados que trabajando     ,europapress,es,61,19,2010-03-09 10:05:13+00:00,1471780,True,3609,,,1508825054477496334
309,2022-03-29 15:11:47+00:00,@CatEconomics @Naty_Krdnas @vivirechaza2 Jajaja...fue una subida del precio en el transporte lo que ocasion√≥ la huelga de 1951..y fue apoyada incluso por algunos franquistas,    krdnas   jajaja   fue una subida del precio en el transporte lo que ocasion  la huelga de 1951  y fue apoyada incluso por algunos franquistas,dnlrys,es,0,0,2009-09-07 14:46:42+00:00,483,False,26163,Tl√∂n,,1508824246130151424
310,2022-03-29 15:11:45+00:00,ENTREVISTA | El sector del fr√≠o de #Lucena teme la ca√≠da de las exportaciones a Europa por la huelga del transporte: https://t.co/SiX8Dk8gj5,entrevista   el sector del fr o de  lucena teme la ca da de las exportaciones a europa por la huelga del transporte   ,SerLucena,es,0,0,2015-07-15 10:41:02+00:00,591,False,10,Tel√©fono: 957 50 13 87,,1508824236642775043
311,2022-03-29 15:10:49+00:00,"RT @Alejandra_v_c: Huelga de transporte 2022, √∫ltima hora en directo | Los camioneros mantienen el paro indefinido: https://t.co/OsQhHddXC6", huelga de transporte 2022   ltima hora en directo   los camioneros mantienen el paro indefinido   ,RHerap,es,0,7,2013-09-02 22:09:54+00:00,4719,False,35152,R. de Valencia üëë üíôüíõ‚ù§Ô∏è,,1508824001388421121
313,2022-03-29 15:09:22+00:00,"RT @netobusta: üáµüá™üáµüá™PERU PRIMEROüáµüá™üáµüá™
@MartinVizcarraC 
No s√© que responderle a esta se√±ora @chechechacon,si es por falta de neuronas porque‚Ä¶",     peru primero        no s  que responderle a esta se ora   si es por falta de neuronas porque ,jcpalacios8,es,0,54,2018-07-13 19:22:07+00:00,129,False,13172,LIMA,,1508823636643393548
314,2022-03-29 15:09:02+00:00,"RT @abrocomillasmc: ‚ÄúLos transportistas afrontan divididos la tercera semana de huelga‚Äù 

Os contamos como evoluciona la #huelga de #transp‚Ä¶",  los transportistas afrontan divididos la tercera semana de huelga    os contamos como evoluciona la  huelga de  transp ,meri__GE,es,0,2,2020-06-01 17:23:24+00:00,96,False,6948,,,1508823552379731975
315,2022-03-29 15:05:27+00:00,Con el asunto de la huelga de transportes y del precio del combustible alguien habr√° tenido tiempo para ver el d√©ficit de transporte ferroviario de mercanc√≠as que tenemos?,con el asunto de la huelga de transportes y del precio del combustible alguien habr  tenido tiempo para ver el d ficit de transporte ferroviario de mercanc as que tenemos ,Khaan_baral,es,3,0,2011-06-23 21:59:49+00:00,559,False,19365,"·∏∂·∏∑uarca, Asturies",,1508822651711758340
322,2022-03-29 15:01:31+00:00,"El paro de trenes decretado por el sindicato dej√≥ a un mill√≥n de personas sin transporte en todo el pa√≠s???
El derecho a huelga de 100 contra el derecho de transitar de un mill√≥n.. .Y la GILADA aplaude",el paro de trenes decretado por el sindicato dej  a un mill n de personas sin transporte en todo el pa s    el derecho a huelga de 100 contra el derecho de transitar de un mill n    y la gilada aplaude,DarioPerrone3,es,2,2,2018-07-26 22:56:27+00:00,285,False,10888,,,1508821661746876419
327,2022-03-29 14:56:15+00:00,"Primero un problema inform√°tico , luego huelga de transporte cuando toda espa√±a vuelve a la normalidad empresas como Amazon cumplen perfectamente , hoy he recibido correos express sin problema , as√≠ como tb seur‚Ä¶ ellos siguen sin atender las quejas ‚Ä¶.",primero un problema inform tico   luego huelga de transporte cuando toda espa a vuelve a la normalidad empresas como amazon cumplen perfectamente   hoy he recibido correos express sin problema   as  como tb seur  ellos siguen sin atender las quejas   ,phonsoto84,es,1,0,2021-11-05 08:39:43+00:00,4,False,820,,,1508820336313253899
328,2022-03-29 14:56:04+00:00,@SimancasRafael Mejor como la ninistra de transporte que NO se re√∫ne con los que hacen la huelga/paron,  mejor como la ninistra de transporte que no se re ne con los que hacen la huelga paron,JJaviOV,es,1,0,2016-03-03 21:55:27+00:00,1002,False,9471,,,1508820289123139589
334,2022-03-29 14:51:16+00:00,"El gremio de #LaFraternidad y el #Ministerio de #Transporte llegaron a un acuerdo y culmin√≥ la huelga que afect√≥ a m√°s de 1.000.000 de pasajeros. 
Tambi√©n paraliz√≥ el transporte de carga. 
https://t.co/OCjxjOBgK3",el gremio de  lafraternidad y el  ministerio de  transporte llegaron a un acuerdo y culmin  la huelga que afect  a m s de 1 000 000 de pasajeros   tambi n paraliz  el transporte de carga    ,revistalatecla,es,1,0,2010-04-14 17:13:18+00:00,46690,False,341,"La Plata, Argentina",,1508819082862342152
335,2022-03-29 14:50:30+00:00,"RT @CarlosJ65007537: Que no os enga√±en. La huelga de transporte sigue.
Hoy en Madrid miles de transportistas se han manifestado pidiendo la‚Ä¶", que no os enga en  la huelga de transporte sigue  hoy en madrid miles de transportistas se han manifestado pidiendo la ,Laperla87022871,es,0,183,2020-04-22 20:56:45+00:00,4107,False,139139,,,1508818889177767945
336,2022-03-29 14:50:27+00:00,RT @ninodelukelele: Soy CAMIONERO üöõ Huelga de Transporte https://t.co/vmJwhNnkq3, soy camionero   huelga de transporte  ,Laperla87022871,es,0,14,2020-04-22 20:56:45+00:00,4107,False,139139,,,1508818875848212485
337,2022-03-29 14:49:55+00:00,"RT @egtegain: HUELGA DE CAMIONEROS. QUE NO TE MANIPULEN.

HILOüëá

1/3. Hoy 26/03 Manuel Hern√°ndez presidente de la Plataforma en Defensa del‚Ä¶", huelga de camioneros  que no te manipulen   hilo   1 3  hoy 26 03 manuel hern ndez presidente de la plataforma en defensa del ,Laperla87022871,es,0,93,2020-04-22 20:56:45+00:00,4107,False,139139,,,1508818743849324544
338,2022-03-29 14:49:19+00:00,"RT @0d5909f1f9a4455: La huelga del transporte como va??  
La factura el√©ctrica bien no?? 
El pa√≠s destrozado, S√°nchez cargando de la econom‚Ä¶", la huelga del transporte como va     la factura el ctrica bien no    el pa s destrozado  s nchez cargando de la econom ,Laperla87022871,es,0,1,2020-04-22 20:56:45+00:00,4107,False,139139,,,1508818591461871618
340,2022-03-29 14:49:13+00:00,"RT @silviaramrez1: Lo de Vü§Æx, que se han convertido en f√©rreos defensores de los huelguistas del transporte, propon√≠an, en su programa elec‚Ä¶", lo de v x  que se han convertido en f rreos defensores de los huelguistas del transporte  propon an  en su programa elec ,yacareto,es,0,808,2011-12-29 20:06:59+00:00,2909,False,30635,el mundo,,1508818565230743557
343,2022-03-29 14:48:41+00:00,"RT @gladia88363121: Huelga de transporte, √∫ltima hora | La rebaja en el combustible se aplicar√° desde el viernes al repostar y se sumar√° a‚Ä¶", huelga de transporte   ltima hora   la rebaja en el combustible se aplicar  desde el viernes al repostar y se sumar  a ,Laperla87022871,es,0,1,2020-04-22 20:56:45+00:00,4107,False,139139,,,1508818430685859844
349,2022-03-29 14:47:11+00:00,".@NuriaPuebla y lo que no sabes es que esas galletas Mar√≠a estaban a ‚Ç¨0,90 en noviembre. Las galletas han pasado de ‚Ç¨0,90 ‚Üí ‚Ç¨1,35 en menos de 5 meses un 50% ü§Ø
En Noviembre a la guerra üî´o a la huelga de transporte üöö no se le ven√≠a venir a√∫n. https://t.co/AATz229o3s https://t.co/5P7pCfmBAi",   y lo que no sabes es que esas galletas mar a estaban a  0 90 en noviembre  las galletas han pasado de  0 90    1 35 en menos de 5 meses un 50    en noviembre a la guerra  o a la huelga de transporte   no se le ven a venir a n     ,betobetico,es,0,0,2007-03-13 21:45:49+00:00,6976,True,18387,,,1508818055643779085
352,2022-03-29 14:46:02+00:00,Abiertas varias investigaciones para dar con los autores de altercados y sabotajes en la huelga del transporte en C√°diz https://t.co/f6oC4mtsW2,abiertas varias investigaciones para dar con los autores de altercados y sabotajes en la huelga del transporte en c diz  ,LaVozdeCadiz,es,1,1,2008-11-06 09:39:27+00:00,52193,True,2503,C√°diz,,1508817763766358024
353,2022-03-29 14:46:00+00:00,"La Compa√±√≠a Orovalle asegura que comparte con su plantilla la preocupaci√≥n por el futuro de la actividad industrial en Asturias. Justifica el ERTE presentado para el 40% de la plantilla, en la incidencia de la huelga de transporte",la compa  a orovalle asegura que comparte con su plantilla la preocupaci n por el futuro de la actividad industrial en asturias  justifica el erte presentado para el 40  de la plantilla  en la incidencia de la huelga de transporte,ondacerogijon,es,4,2,2010-10-13 12:24:32+00:00,13485,False,84,Gij√≥n,,1508817756321300481
356,2022-03-29 14:42:40+00:00,@Trab_Zumosol El apag√≥n de los medios de comunicaci√≥n a los trabajadores de Zumosol...contrasta con la cobertura a la Huelga del Transporte...donde muchos son empresas y aut√≥nomos. https://t.co/R5sTxdQv2t,  zumosol el apag n de los medios de comunicaci n a los trabajadores de zumosol   contrasta con la cobertura a la huelga del transporte   donde muchos son empresas y aut nomos   ,franciscojrb57,es,52,39,2016-01-12 17:40:49+00:00,748,False,6639,,,1508816918559473677
357,2022-03-29 14:40:27+00:00,"@ccarballo50 Don C√©sar, denos su opini√≥n y consejos acerca de:
1)Las pr√≥ximas olas de Covid.
2)Cumbre Vieja y como mitigar sus efectos.
3)La guerra en Ucrania.
4)Huelga del transporte.
5)Plan del Gobierno, suficiente e insuficiente?.
6)Tema libre

Muchas gracias , Don Referente Carballo.",  don c sar  denos su opini n y consejos acerca de  1 las pr ximas olas de covid  2 cumbre vieja y como mitigar sus efectos  3 la guerra en ucrania  4 huelga del transporte  5 plan del gobierno  suficiente e insuficiente   6 tema libre  muchas gracias   don referente carballo ,JoseJosefser,es,31,3,2015-09-03 14:14:29+00:00,5025,False,69651,Espa√±a,,1508816361648185355
358,2022-03-29 14:40:09+00:00,"El Gobierno, tras 12 d√≠as de #huelga ha logrado un acuerdo con el sector del #Transporte. Hoy, entrar√°n en vigor algunas de las 30 #medidas aprobadas. El valor de las ayudas a empresas suma alrededor de 1.050 millones de euros y se prev√© el ahorro de unos 700 al mes por veh√≠culo. https://t.co/8xThFYaWQj",el gobierno  tras 12 d as de  huelga ha logrado un acuerdo con el sector del  transporte  hoy  entrar n en vigor algunas de las 30  medidas aprobadas  el valor de las ayudas a empresas suma alrededor de 1 050 millones de euros y se prev  el ahorro de unos 700 al mes por veh culo   ,LogisticaTandem,es,0,0,2022-03-08 11:26:10+00:00,2,False,9,Viladecans,,1508816285920075781
359,2022-03-29 14:37:55+00:00,"@elpais_espana SPOR. Opi Alonso legi Guadalquivir Cantabria Barcelona la fraternite  igualite üêØüêØ

UNA HUELGA CONTRA UN COLAPSO...LOS POL√çTICOS AUTON√ìMICOS
HAN AUMENTADO LAS MULTAS DE TRAFICO. AUTOPISTAS  LAS TASAS Y IMPUESTOS LA PRESION FISCAL ENCUBIERTA CONTRA EL TRANSPORTE Y LOS CIUDADANOS",  espana spor  opi alonso legi guadalquivir cantabria barcelona la fraternite  igualite     una huelga contra un colapso   los pol ticos auton micos han aumentado las multas de trafico  autopistas  las tasas y impuestos la presion fiscal encubierta contra el transporte y los ciudadanos,juandelacruzc10,es,0,0,2017-04-02 09:19:32+00:00,29,False,2663,,,1508815723774234644
360,2022-03-29 14:35:47+00:00,"Huelga de transporte, √∫ltima hora | La rebaja en el combustible se aplicar√° desde el viernes al repostar y se sumar√° a los descuentos de las petroleras https://t.co/MxSuHTv1EB
Si todo lo que hacen es para no bajar impuestos y la evidencia les va a dar una hostia de realidad.",huelga de transporte   ltima hora   la rebaja en el combustible se aplicar  desde el viernes al repostar y se sumar  a los descuentos de las petroleras   si todo lo que hacen es para no bajar impuestos y la evidencia les va a dar una hostia de realidad ,gladia88363121,es,1,1,2014-06-19 07:26:08+00:00,87,False,1891,"C√°diz, Andaluc√≠a",,1508815184583876621
364,2022-03-29 14:34:22+00:00,Un millar de convoyes escoltados y 12 detenidos en Asturias desde el inicio de la huelga de transporte https://t.co/VjNXpq5dde,un millar de convoyes escoltados y 12 detenidos en asturias desde el inicio de la huelga de transporte  ,La_SER,es,19,9,2009-06-01 16:07:07+00:00,1371722,True,1785,,,1508814830433714193
366,2022-03-29 14:34:08+00:00,Un millar de convoyes escoltados y 12 detenidos en Asturias desde el inicio de la huelga de transporte https://t.co/rxJ3WnFqmg,un millar de convoyes escoltados y 12 detenidos en asturias desde el inicio de la huelga de transporte  ,SER_Gijon,es,0,0,2011-05-18 09:45:32+00:00,12448,False,7637,Gij√≥n,,1508814771373674496
368,2022-03-29 14:26:04+00:00,"Asimismo, informamos que el bolet√≠n fue impreso la semana pasada pero la entrega en la Hermandad, se est√° viendo afectada por la huelga de transporte. Estamos trabajando para solventar esta incidencia y que puedan recibir lo m√°s pronto posible nuestra publicaci√≥n.",asimismo  informamos que el bolet n fue impreso la semana pasada pero la entrega en la hermandad  se est  viendo afectada por la huelga de transporte  estamos trabajando para solventar esta incidencia y que puedan recibir lo m s pronto posible nuestra publicaci n ,Soledad_almeria,es,1,7,2010-05-12 20:50:14+00:00,3215,False,2911,Almer√≠a,,1508812739480854531
369,2022-03-29 14:24:49+00:00,"RT @thedatawarlock_: Dram√°tico lo de los oscars, casi se me ha olvidado la huelga de transporte, la guerra de Ucrania y limpiarme el culo m‚Ä¶", dram tico lo de los oscars  casi se me ha olvidado la huelga de transporte  la guerra de ucrania y limpiarme el culo m ,toonpabloap,es,0,1,2019-11-28 11:56:08+00:00,7,False,11,"Copenhagen, Denmark",,1508812425071665157
370,2022-03-29 14:22:12+00:00,"RT @BarreirAurora: Huelga de transporte en Espa√±a, directo: √∫ltima hora de los paros de camioneros: https://t.co/MUGopzsdmP", huelga de transporte en espa a  directo   ltima hora de los paros de camioneros   ,PorAzcon,es,0,22,2021-11-06 14:46:40+00:00,566,False,3018,,,1508811769141153797
377,2022-03-29 14:08:56+00:00,"Segundo video. 
La huelga de transporte a 15 d√≠as. RESISTENCIA 
@JDemocraticaES 
@FLicoretas 
@Ryuk_Shngm 
#ParoTransportistas 
#YoNoVoto https://t.co/inlJgrxcOw",segundo video   la huelga de transporte a 15 d as  resistencia          shngm   parotransportistas   yonovoto  ,fraguas04,es,32,18,2010-04-04 11:01:24+00:00,283,False,1577,Espa√±a,,1508808428227112974
378,2022-03-29 14:08:40+00:00,"La huelga del transporte como va??  
La factura el√©ctrica bien no?? 
El pa√≠s destrozado, S√°nchez cargando de la econom√≠a, el pp apoyando siempre al PSOE...y los ""buenos"".....Paje√°ndose con las encuestas.... Que puto desastre. . ü§¶‚Äç‚ôÇÔ∏èü§¶‚Äç‚ôÇÔ∏èü§¶‚Äç‚ôÇÔ∏èü§¶‚Äç‚ôÇÔ∏è",la huelga del transporte como va     la factura el ctrica bien no    el pa s destrozado  s nchez cargando de la econom a  el pp apoyando siempre al psoe   y los  buenos      paje ndose con las encuestas     que puto desastre                    ,0d5909f1f9a4455,es,1,1,2015-03-15 20:05:02+00:00,1715,False,444305,"A Coru√±a, Galicia",,1508808363618017289
380,2022-03-29 14:04:21+00:00,"RT @rcapolat: Ahora que se les acaba la cuerda con  la ‚Äúhuelga del transporte‚Äù, como se les acab√≥ lo de la ramaderia o lo del covid, vuelve‚Ä¶", ahora que se les acaba la cuerda con  la  huelga del transporte   como se les acab  lo de la ramaderia o lo del covid  vuelve ,rodrigoma85,es,0,19,2014-01-25 13:03:41+00:00,193,False,14715,,,1508807276588683276
383,2022-03-29 14:00:04+00:00,RT @RTVCes: La huelga del transporte prevista para hoy se suspendi√≥ el pasado viernes al llegar a un acuerdo con el Gobierno canario. Sin e‚Ä¶, la huelga del transporte prevista para hoy se suspendi  el pasado viernes al llegar a un acuerdo con el gobierno canario  sin e ,lolyagn,es,0,2,2014-03-06 00:21:51+00:00,34,False,4988,"Las Palmas de Gran Canaria, Es",,1508806196219764744
384,2022-03-29 14:00:01+00:00,"Seis piquetes detenidos en Asturias por la huelga de transporte, cuatro de ellos implicados en una barricada en la A-8 https://t.co/glgBHnYDgg",seis piquetes detenidos en asturias por la huelga de transporte  cuatro de ellos implicados en una barricada en la a 8  ,lanuevaespana,es,4,3,2009-03-05 12:48:27+00:00,164769,True,90,Asturias,,1508806185083879432
385,2022-03-29 13:59:37+00:00,Seis detenidos en Asturias por la huelga de transporte en las √∫ltimas 24 horas https://t.co/u6sjTTiEm4,seis detenidos en asturias por la huelga de transporte en las  ltimas 24 horas  ,Asturika1,es,1,0,2020-05-19 10:30:11+00:00,9343,False,64513,"Asturias, mi Paraiso",,1508806085334949892
386,2022-03-29 13:56:32+00:00,"RT @pacoredondo: Huelga intensa del transporte, coste de la luz para empresas electrointensivas y sector primario con pocos m√°rgenes:  la t‚Ä¶", huelga intensa del transporte  coste de la luz para empresas electrointensivas y sector primario con pocos m rgenes   la t ,lisfelmontve,es,0,1,2013-08-09 12:45:04+00:00,497,False,59516,,,1508805307560075264
388,2022-03-29 13:55:38+00:00,Se levant√≥ el paro nacional de trenes de pasajeros y carga üöÜ El servicio se normalizar√° reci√©n al mediod√≠a. El gremio de La Fraternidad y el Ministerio de Transporte llegaron a un acuerdo y culmin√≥ la huelga ‚û°Ô∏è https://t.co/67mJoMj9iE https://t.co/YBNfvAPYqp,se levant  el paro nacional de trenes de pasajeros y carga   el servicio se normalizar  reci n al mediod a  el gremio de la fraternidad y el ministerio de transporte llegaron a un acuerdo y culmin  la huelga       ,CanalVerte,es,1,0,2017-09-25 21:34:17+00:00,4673,False,144,"Olavarr√≠a, Argentina",,1508805081658974215
390,2022-03-29 13:52:31+00:00,"RT @DosPeor: üóûÔ∏èNoticias de la semana pasada que siguen pas√°ndonos factura, ojo con la huelga de transporte que afecta a sectores estrat√©gic‚Ä¶",   noticias de la semana pasada que siguen pas ndonos factura  ojo con la huelga de transporte que afecta a sectores estrat gic ,AlFNique,es,0,3,2015-10-02 08:22:32+00:00,98,False,44,"Rivas-Vaciamadrid, Espa√±a",,1508804296833474580
392,2022-03-29 13:52:07+00:00,La huelga del transporte pierde fuelle en su tercera semana de protestas https://t.co/06KHZRV8hq a trav√©s de @publico_es Las ayudas al transporte por carretera recogidas en el acuerdo se extienden hasta finales de junio (prorrogables) y suman un total de 1.135 millones de euros,la huelga del transporte pierde fuelle en su tercera semana de protestas   a trav s de   es las ayudas al transporte por carretera recogidas en el acuerdo se extienden hasta finales de junio  prorrogables  y suman un total de 1 135 millones de euros,Mariano5212,es,2,6,2013-07-26 21:06:27+00:00,1407,False,169,Espa√±a,,1508804197659168768
394,2022-03-29 13:49:18+00:00,"Seis piquetes detenidos en Asturias por la huelga de transporte, cuatro de ellos implicados en una barricada en la A-8 #HuelgaTransportes https://t.co/opSDcHnKQx",seis piquetes detenidos en asturias por la huelga de transporte  cuatro de ellos implicados en una barricada en la a 8  huelgatransportes  ,warucrania_es,es,0,0,2022-01-18 19:29:54+00:00,166,False,108,Espa√±a,,1508803488972685320
395,2022-03-29 13:48:02+00:00,"Huelga intensa del transporte, coste de la luz para empresas electrointensivas y sector primario con pocos m√°rgenes:  la triple crisis que golpea a una Asturias en regresi√≥n demogr√°fica y con lastre fiscal 
https://t.co/OLlXOZbBgP https://t.co/h38L9yMmXs",huelga intensa del transporte  coste de la luz para empresas electrointensivas y sector primario con pocos m rgenes   la triple crisis que golpea a una asturias en regresi n demogr fica y con lastre fiscal     ,pacoredondo,es,1,1,2011-01-16 17:54:36+00:00,8490,False,188,"Asturias, Espa√±a.",,1508803171262648321
396,2022-03-29 13:46:28+00:00,"Huelga intensa del transporte, coste de la luz para empresas electrointensivas y sector primario con pocos m√°rgenes:  la triple crisis que golpea a una Asturias en regresi√≥n demogr√°fica y con lastre fiscal 
https://t.co/wzT2Gblu8K",huelga intensa del transporte  coste de la luz para empresas electrointensivas y sector primario con pocos m rgenes   la triple crisis que golpea a una asturias en regresi n demogr fica y con lastre fiscal   ,CovadongaFernn6,es,2,1,2020-06-20 09:21:15+00:00,7064,False,12,,,1508802776855453715
397,2022-03-29 13:44:57+00:00,"Huelga de transporte, √∫ltima hora de los paros de camioneros y transportistas hoy en directo https://t.co/FtkdGuvF67 v√≠a @A3Noticias",huelga de transporte   ltima hora de los paros de camioneros y transportistas hoy en directo   v a  ,zapaterfarches,es,1,0,2015-01-30 19:05:10+00:00,16,False,520,,,1508802395144343563
399,2022-03-29 13:42:40+00:00,"RT @Csf47C: El pa√≠s se levanta en protestas, el centro, el sur, el norte y la selva. Todos en contra de Castillo. Transporte de carga pesad‚Ä¶", el pa s se levanta en protestas  el centro  el sur  el norte y la selva  todos en contra de castillo  transporte de carga pesad ,caenrimo,es,0,4,2013-07-08 17:21:47+00:00,133,False,25069,,,1508801820809912321
400,2022-03-29 13:40:43+00:00,"@ivan_mtn 

√âchale un vistazo a esta charlotada antiobrera, antipiquetes‚Ä¶ sobre la ‚Äúhuelga‚Äù (paro de aut√≥nomos y pymes) de transporte. Para empezar el invitado no puede ser m√°s partidista, es candidato de VOX en galicia. https://t.co/dMgL9JdLnX",  mtn    chale un vistazo a esta charlotada antiobrera  antipiquetes  sobre la  huelga   paro de aut nomos y pymes  de transporte  para empezar el invitado no puede ser m s partidista  es candidato de vox en galicia   ,Paragansos,es,0,0,2019-08-10 16:53:24+00:00,278,False,10242,,,1508801329187237900
401,2022-03-29 13:40:39+00:00,"@oscar_puente_ Para esto necesitaba la autorizaci√≥n de Bruselas? No se pod√≠a haber puesto en marcha antes, ahorrando semanas de subidas de precio y lo m√°s crudo de la huelga del transporte?",  puente  para esto necesitaba la autorizaci n de bruselas  no se pod a haber puesto en marcha antes  ahorrando semanas de subidas de precio y lo m s crudo de la huelga del transporte ,EvilMor76407346,es,1,0,2018-09-08 00:30:53+00:00,14,False,3271,,,1508801310740656128
404,2022-03-29 13:39:13+00:00,"Huelga del transporte, √∫ltima hora pelea en ISNN, la flexibilidad herramienta empresarial. https://t.co/EFpk0lCntv
Arrancamos el programa de hoy hablando con el sindicato HIRU y su decisi√≥n de continuar con la huelga del transporte de mercanc√≠as por carretera. Repasamos la si... https://t.co/XT8qF2exd9",huelga del transporte   ltima hora pelea en isnn  la flexibilidad herramienta empresarial    arrancamos el programa de hoy hablando con el sindicato hiru y su decisi n de continuar con la huelga del transporte de mercanc as por carretera  repasamos la si     ,Eguzki_Irratia,es,0,0,2010-02-13 19:18:17+00:00,5154,False,39,Iru√±ea,,1508800950500270091
406,2022-03-29 13:33:44+00:00,La hosteler√≠a de las √°reas de servicio de las autov√≠as de Cuenca acusa la huelga de transporte y el aumento de los costes https://t.co/mluylEb39e,la hosteler a de las  reas de servicio de las autov as de cuenca acusa la huelga de transporte y el aumento de los costes  ,SERcuenca,es,1,0,2011-02-24 09:54:18+00:00,6068,False,388,,,1508799571262124039
409,2022-03-29 13:23:14+00:00,La huelga del transporte pierde fuelle en su tercera semana de protestas https://t.co/HjKhhCZkWa a trav√©s de @publico_es,la huelga del transporte pierde fuelle en su tercera semana de protestas   a trav s de   es,luisgil64,es,0,0,2013-04-24 16:28:29+00:00,719,False,6523,Segovia,,1508796926879219716
410,2022-03-29 13:21:07+00:00,La discusi√≥n sobre el transporte como servicio p√∫blico esencial me resulta muy interesante porque es uno de esos casos de superposici√≥n de derechos: Mi derecho a circular libremente y tu derecho a huelga.,la discusi n sobre el transporte como servicio p blico esencial me resulta muy interesante porque es uno de esos casos de superposici n de derechos  mi derecho a circular libremente y tu derecho a huelga ,GustavoMolvert,es,0,0,2017-03-02 01:12:35+00:00,2487,False,31635,"Quilmes, Argentina",,1508796395402240000
412,2022-03-29 13:19:57+00:00,RT @jovenandaluz: La huelga del transporte pierde fuelle en su tercera semana de protestas https://t.co/HyGUqzWWp2 v√≠a @publico_es, la huelga del transporte pierde fuelle en su tercera semana de protestas   v a   es,luz_guijarro,es,0,1,2014-02-15 21:26:51+00:00,2548,False,91577,"Marbella, Espa√±a",,1508796102925033490
414,2022-03-29 13:15:20+00:00,"@amcruz18 Hola, los env√≠os estos d√≠as pueden verse afectados por la huelga de transporte. Por favor danos por MD tus datos para que revisemos si es este el problema. Respecto a la APP podemos volver a revisarlo, danos en el mismo MD m√°s informaci√≥n. Quedamos a la espera.",  hola  los env os estos d as pueden verse afectados por la huelga de transporte  por favor danos por md tus datos para que revisemos si es este el problema  respecto a la app podemos volver a revisarlo  danos en el mismo md m s informaci n  quedamos a la espera ,o2es,es,0,0,2018-05-22 11:01:08+00:00,22721,True,5,,,1508794942277226496
415,2022-03-29 13:15:11+00:00,"üöö ¬øCu√°nto puede durar la huelga de transporte?

‚û°Las protestas ya atraviesan su tercera semana

https://t.co/iNjt93DjJN",   cu nto puede durar la huelga de transporte    las protestas ya atraviesan su tercera semana   ,elperiodico,es,2,0,2010-10-05 10:56:58+00:00,717137,True,377,Barcelona,,1508794904365142023
